Days_Passed,kVp,mAs,Noise_HU,RUL_Tube,Uniformity_HU,RUL_Gantry,Scaling_V_mm,RUL_Table,HU_Precision,RUL_Generator
0,80,250,4.174,270,1.131,87,199.087,93,1.591,139
1,140,200,2.732,269,1.079,86,199.344,92,1.708,138
2,120,200,3.047,268,1.34,85,199.123,91,1.613,137
3,100,250,3.318,267,1.15,84,199.214,90,1.491,136
4,100,100,5.343,266,1.153,83,199.091,89,1.947,135
5,140,250,2.293,265,1.252,82,199.078,88,1.961,134
6,80,250,4.793,264,1.587,81,199.008,87,2.338,133
7,120,200,2.745,263,0.997,80,199.062,86,1.756,132
8,80,200,4.538,262,1.437,79,199.067,85,2.007,131
9,80,200,5.61,261,0.922,78,198.941,84,2.021,130
10,120,150,3.379,260,1.362,77,198.991,83,1.89,129
11,140,250,1.937,259,1.652,76,198.926,82,2.15,128
12,120,100,4.506,258,1.453,75,199.201,81,2.168,127
13,140,150,3.042,257,1.408,74,198.946,80,2.066,126
14,120,200,2.598,256,1.281,73,199.093,79,1.931,125
15,140,250,2.307,255,1.418,72,198.902,78,1.916,124
16,120,150,3.789,254,1.381,71,198.93,77,1.673,123
17,80,150,6.087,253,1.294,70,198.755,76,1.824,122
18,140,100,3.796,252,1.413,69,198.825,75,1.881,121
19,100,100,4.7,251,1.531,68,198.873,74,1.766,120
20,120,100,4.481,250,1.358,67,198.993,73,2.167,119
21,100,100,5.295,249,1.371,66,198.839,72,2.367,118
22,80,250,4.349,248,1.281,65,198.937,71,1.851,117
23,140,250,2.462,247,1.653,64,198.845,70,2.16,116
24,140,250,2.598,246,1.705,63,198.925,69,1.841,115
25,120,100,5.118,245,1.664,62,198.738,68,2.034,114
26,100,100,6.177,244,1.833,61,198.964,67,1.948,113
27,140,150,2.907,243,1.679,60,198.658,66,2.282,112
28,120,200,3.194,242,1.763,59,198.61,65,1.973,111
29,100,150,4.816,241,1.768,58,198.547,64,2.406,110
30,100,150,4.539,240,1.712,57,198.881,63,2.102,109
31,80,100,7.36,239,1.647,56,198.71,62,2.012,108
32,80,200,5.554,238,2.219,55,198.575,61,1.872,107
33,120,150,3.56,237,1.71,54,198.713,60,2.26,106
34,140,100,3.365,236,1.691,53,198.637,59,2.431,105
35,80,200,4.951,235,1.936,52,198.744,58,2.286,104
36,140,250,2.434,234,1.924,51,198.372,57,2.789,103
37,140,100,3.631,233,1.617,50,198.48,56,2.597,102
38,100,150,4.666,232,2.148,49,198.439,55,2.174,101
39,120,250,2.969,231,1.93,48,198.267,54,2.183,100
40,80,200,4.995,230,1.752,47,198.549,53,2.39,99
41,140,250,2.472,229,2.238,46,198.394,52,2.075,98
42,120,150,3.743,228,2.151,45,198.473,51,2.587,97
43,100,150,4.003,227,1.8,44,198.613,50,2.397,96
44,80,200,5.92,226,2.435,43,198.32,49,2.382,95
45,140,100,3.484,225,2.238,42,198.29,48,2.5,94
46,100,100,4.696,224,2.132,41,198.322,47,2.771,93
47,140,200,2.334,223,2.479,40,198.386,46,2.394,92
48,120,200,2.841,222,2.221,39,198.207,45,2.334,91
49,140,100,3.693,221,2.212,38,198.178,44,2.751,90
50,140,200,2.533,220,2.114,37,198.323,43,2.627,89
51,80,150,5.859,219,2.391,36,198.231,42,2.316,88
52,100,200,4.204,218,2.399,35,197.965,41,2.409,87
53,100,250,3.67,217,2.335,34,198.023,40,2.468,86
54,100,100,5.796,216,2.204,33,198.271,39,2.521,85
55,80,250,4.892,215,2.418,32,198.137,38,2.103,84
56,120,150,3.881,214,2.408,31,197.996,37,2.068,83
57,80,250,3.782,213,2.186,30,198.03,36,2.243,82
58,120,150,3.55,212,2.189,29,198.023,35,2.235,81
59,120,150,2.925,211,2.627,28,198.07,34,2.327,80
60,140,250,2.362,210,2.025,27,197.835,33,2.658,79
61,120,200,3.194,209,2.618,26,197.861,32,2.469,78
62,100,100,6.24,208,2.513,25,197.947,31,2.572,77
63,140,200,2.936,207,2.902,24,197.883,30,2.229,76
64,100,250,3.672,206,2.574,23,197.924,29,2.431,75
65,100,150,4.44,205,2.837,22,197.717,28,2.705,74
66,140,250,2.48,204,2.659,21,197.849,27,2.718,73
67,100,200,3.846,203,2.794,20,197.895,26,2.4,72
68,80,150,6.181,202,2.953,19,197.807,25,2.634,71
69,100,100,6.261,201,2.747,18,197.745,24,3.155,70
70,140,200,2.529,200,3.073,17,197.694,23,2.613,69
71,80,100,8.17,199,2.709,16,197.592,22,2.456,68
72,100,250,3.871,198,3.001,15,197.64,21,2.597,67
73,80,200,4.915,197,3.162,14,197.744,20,2.676,66
74,120,150,4.093,196,3.145,13,197.578,19,2.627,65
75,100,100,6.157,195,3.432,12,197.472,18,2.669,64
76,100,200,4.135,194,2.932,11,197.483,17,2.328,63
77,80,100,7.132,193,2.845,10,197.522,16,2.46,62
78,120,150,3.48,192,2.958,9,197.435,15,2.675,61
79,120,250,2.786,191,3.326,8,197.491,14,2.684,60
80,140,250,2.541,190,3.331,7,197.465,13,2.595,59
81,100,250,3.37,189,3.289,6,197.471,12,2.705,58
82,80,250,5.082,188,3.082,5,197.494,11,2.777,57
83,140,200,2.412,187,3.498,4,197.421,10,2.996,56
84,120,100,4.583,186,3.138,3,197.197,9,2.761,55
85,120,250,2.987,185,3.653,2,197.168,8,2.898,54
86,80,250,6.007,184,4.032,1,197.22,7,2.675,53
87,100,250,3.263,183,0.575,180,197.15,6,2.966,52
88,140,200,3.105,182,0.619,179,197.05,5,2.929,51
89,140,100,3.935,181,0.404,178,197.087,4,3.064,50
90,100,200,4.343,180,0.142,177,197.051,3,3.038,49
91,140,150,3.215,179,0.384,176,196.999,2,3.019,48
92,140,250,2.566,178,0.287,175,197.002,1,2.86,47
93,100,150,4.793,177,0.217,174,200.118,270,2.958,46
94,140,150,3.612,176,0.852,173,200.02,269,3.175,45
95,100,100,5.73,175,0.563,172,200.247,268,2.759,44
96,80,250,5.506,174,0.585,171,200.017,267,2.778,43
97,120,250,2.846,173,0.449,170,199.971,266,2.993,42
98,120,100,4.755,172,0.478,169,200.0,265,3.064,41
99,80,150,5.875,171,0.707,168,200.026,264,2.766,40
100,140,150,3.361,170,0.509,167,200.043,263,2.966,39
101,80,150,7.346,169,0.623,166,200.208,262,2.974,38
102,140,250,2.495,168,0.48,165,199.915,261,2.457,37
103,80,100,7.87,167,0.452,164,200.086,260,2.968,36
104,140,150,2.936,166,0.241,163,200.021,259,2.997,35
105,140,100,3.914,165,0.129,162,199.843,258,3.009,34
106,140,100,3.444,164,0.475,161,200.077,257,3.416,33
107,120,250,2.829,163,0.541,160,200.126,256,2.771,32
108,100,250,3.945,162,0.275,159,199.914,255,2.881,31
109,120,100,5.439,161,0.528,158,199.998,254,2.447,30
110,100,200,5.401,160,0.548,157,199.827,253,2.993,29
111,140,100,3.835,159,0.109,156,199.873,252,3.027,28
112,120,100,5.517,158,0.361,155,200.104,251,3.012,27
113,100,150,5.149,157,0.628,154,199.952,250,3.429,26
114,120,100,4.864,156,0.628,153,199.888,249,3.38,25
115,120,150,4.181,155,0.323,152,200.021,248,3.198,24
116,80,250,5.222,154,0.589,151,199.946,247,3.099,23
117,80,200,5.874,153,0.765,150,199.951,246,3.461,22
118,80,200,5.628,152,0.72,149,200.072,245,3.213,21
119,80,150,5.943,151,0.55,148,199.881,244,3.026,20
120,100,100,5.443,150,0.48,147,199.906,243,2.815,19
121,120,100,5.276,149,0.452,146,200.012,242,3.147,18
122,120,150,3.994,148,0.675,145,200.093,241,3.459,17
123,100,100,5.987,147,0.626,144,200.12,240,3.853,16
124,140,250,2.626,146,0.717,143,199.929,239,3.313,15
125,120,250,3.402,145,0.623,142,200.089,238,3.119,14
126,80,250,5.385,144,0.765,141,199.916,237,3.028,13
127,140,200,2.79,143,0.625,140,200.177,236,3.475,12
128,120,200,3.956,142,0.769,139,199.88,235,2.909,11
129,120,200,4.07,141,0.792,138,200.126,234,3.502,10
130,120,150,4.332,140,0.462,137,199.927,233,3.582,9
131,120,200,3.904,139,0.268,136,200.193,232,3.5,8
132,80,250,5.928,138,0.944,135,200.05,231,3.35,7
133,120,250,3.548,137,0.693,134,199.889,230,3.559,6
134,140,200,3.151,136,0.305,133,199.937,229,3.474,5
135,100,100,6.792,135,0.512,132,200.067,228,3.251,4
136,120,200,3.808,134,0.816,131,200.093,227,3.922,3
137,80,150,6.386,133,0.612,130,199.98,226,3.385,2
138,100,200,4.872,132,0.573,129,199.991,225,3.68,1
139,100,200,4.108,131,0.963,128,200.061,224,0.0,490
140,140,250,2.543,130,0.48,127,199.997,223,0.325,489
141,80,150,7.832,129,0.538,126,199.854,222,0.374,488
142,100,250,4.444,128,0.748,125,199.901,221,0.015,487
143,100,250,4.672,127,0.791,124,200.004,220,0.147,486
144,140,150,3.466,126,0.821,123,200.101,219,0.148,485
145,140,150,3.223,125,0.912,122,200.14,218,0.0,484
146,80,200,6.087,124,0.778,121,200.055,217,0.147,483
147,80,250,5.61,123,0.845,120,200.005,216,0.0,482
148,140,200,3.118,122,0.704,119,200.05,215,0.0,481
149,80,250,6.097,121,0.778,118,199.907,214,0.294,480
150,140,150,3.492,120,0.796,117,199.956,213,0.257,479
151,100,200,4.886,119,0.827,116,199.888,212,0.0,478
152,140,150,3.331,118,0.948,115,199.844,211,0.0,477
153,100,250,4.424,117,0.915,114,200.0,210,0.0,476
154,100,150,5.531,116,0.823,113,199.984,209,0.2,475
155,120,200,3.597,115,0.662,112,200.032,208,0.0,474
156,80,100,8.83,114,0.848,111,200.017,207,0.108,473
157,120,250,3.387,113,0.84,110,199.984,206,0.206,472
158,120,150,4.353,112,0.895,109,200.014,205,0.0,471
159,140,150,4.183,111,1.308,108,199.952,204,0.274,470
160,140,200,3.168,110,0.774,107,199.995,203,0.0,469
161,120,150,4.397,109,0.974,106,199.879,202,0.0,468
162,100,250,3.664,108,1.115,105,199.987,201,0.0,467
163,100,200,4.562,107,0.933,104,200.015,200,0.28,466
164,100,200,4.813,106,1.393,103,199.878,199,0.0,465
165,140,100,4.334,105,0.862,102,199.948,198,0.116,464
166,100,100,7.719,104,1.015,101,199.878,197,0.012,463
167,80,150,7.461,103,0.804,100,199.886,196,0.0,462
168,100,250,4.874,102,0.906,99,199.823,195,0.0,461
169,80,250,5.911,101,1.039,98,200.06,194,0.379,460
170,80,200,6.614,100,1.172,97,200.037,193,0.085,459
171,80,200,6.569,99,1.08,96,199.981,192,0.0,458
172,140,150,3.805,98,1.282,95,200.122,191,0.114,457
173,120,100,6.394,97,1.025,94,199.903,190,0.003,456
174,120,100,4.696,96,0.992,93,200.222,189,0.904,455
175,100,150,4.969,95,1.614,92,199.893,188,0.113,454
176,120,150,4.475,94,1.167,91,199.938,187,0.0,453
177,80,100,9.516,93,0.959,90,199.87,186,0.4,452
178,140,150,4.064,92,0.979,89,199.944,185,0.0,451
179,120,100,5.958,91,0.945,88,199.987,184,0.072,450
180,140,200,3.272,90,1.336,87,199.888,183,0.549,449
181,80,250,6.532,89,1.092,86,200.074,182,0.023,448
182,100,200,5.544,88,1.207,85,199.916,181,0.0,447
183,120,150,4.817,87,1.185,84,199.916,180,0.0,446
184,100,150,6.406,86,1.36,83,199.794,179,0.42,445
185,100,150,6.122,85,1.061,82,199.923,178,0.153,444
186,80,100,9.351,84,1.033,81,199.864,177,0.0,443
187,100,200,5.492,83,1.31,80,199.813,176,0.0,442
188,80,200,6.986,82,1.403,79,199.792,175,0.0,441
189,100,100,7.438,81,1.367,78,200.132,174,0.156,440
190,120,150,5.359,80,1.156,77,199.835,173,0.402,439
191,120,150,4.013,79,1.472,76,199.711,172,0.333,438
192,120,100,5.371,78,1.206,75,199.782,171,0.186,437
193,100,200,4.872,77,1.269,74,199.842,170,0.0,436
194,140,200,3.413,76,1.204,73,199.898,169,0.0,435
195,80,200,6.944,75,1.672,72,199.894,168,0.211,434
196,100,200,4.798,74,1.558,71,199.901,167,0.0,433
197,80,250,5.923,73,1.572,70,199.764,166,0.025,432
198,100,250,4.537,72,1.72,69,199.858,165,0.16,431
199,140,200,4.162,71,2.054,68,199.731,164,0.0,430
200,100,250,5.463,70,1.17,67,199.751,163,0.0,429
201,140,150,4.011,69,1.385,66,199.716,162,0.067,428
202,100,250,4.762,68,1.43,65,199.684,161,0.219,427
203,120,250,3.592,67,1.404,64,199.904,160,0.36,426
204,100,200,4.774,66,1.38,63,199.86,159,0.249,425
205,100,250,4.889,65,1.558,62,199.884,158,0.118,424
206,140,200,3.382,64,1.396,61,199.784,157,0.0,423
207,140,200,3.619,63,1.729,60,199.852,156,0.0,422
208,100,150,5.723,62,1.695,59,199.592,155,0.0,421
209,140,250,3.106,61,1.803,58,199.848,154,0.211,420
210,100,200,5.649,60,1.831,57,199.774,153,0.196,419
211,120,250,4.093,59,1.874,56,199.812,152,0.0,418
212,140,150,4.386,58,1.702,55,199.781,151,0.0,417
213,100,250,4.603,57,2.225,54,199.638,150,0.42,416
214,120,100,6.737,56,1.871,53,199.58,149,0.141,415
215,100,100,7.605,55,1.476,52,199.652,148,0.0,414
216,80,200,7.844,54,1.673,51,199.773,147,0.716,413
217,80,200,7.547,53,1.55,50,199.778,146,0.122,412
218,100,250,4.662,52,1.927,49,199.566,145,0.228,411
219,140,150,4.269,51,1.924,48,199.597,144,0.234,410
220,80,200,7.804,50,1.881,47,199.615,143,0.045,409
221,100,200,6.016,49,2.402,46,199.645,142,0.0,408
222,120,250,4.095,48,2.136,45,199.537,141,0.673,407
223,80,200,8.456,47,2.198,44,199.523,140,0.396,406
224,120,150,5.717,46,1.893,43,199.575,139,0.354,405
225,100,250,5.152,45,1.907,42,199.658,138,0.295,404
226,140,100,5.719,44,2.141,41,199.523,137,0.0,403
227,120,250,4.716,43,2.196,40,199.622,136,0.476,402
228,120,100,7.489,42,1.818,39,199.731,135,0.0,401
229,80,150,8.346,41,2.181,38,199.486,134,0.234,400
230,100,250,5.01,40,2.248,37,199.587,133,0.0,399
231,140,200,4.287,39,2.231,36,199.702,132,0.0,398
232,80,250,6.607,38,2.141,35,199.549,131,0.251,397
233,140,200,3.617,37,2.225,34,199.524,130,0.0,396
234,100,200,5.843,36,2.327,33,199.689,129,0.0,395
235,120,150,5.704,35,2.41,32,199.533,128,0.316,394
236,120,100,6.785,34,2.543,31,199.665,127,0.714,393
237,100,100,8.258,33,2.668,30,199.588,126,0.535,392
238,100,150,6.755,32,2.424,29,199.501,125,0.126,391
239,120,100,6.593,31,2.423,28,199.574,124,0.196,390
240,80,200,7.681,30,2.633,27,199.548,123,0.419,389
241,120,250,5.001,29,2.699,26,199.608,122,0.481,388
242,80,250,7.442,28,2.522,25,199.441,121,0.118,387
243,120,150,6.01,27,2.799,24,199.49,120,0.215,386
244,120,250,4.301,26,2.869,23,199.469,119,0.285,385
245,80,250,7.298,25,2.964,22,199.535,118,0.352,384
246,140,250,3.521,24,3.094,21,199.352,117,0.184,383
247,100,150,6.103,23,2.598,20,199.545,116,0.19,382
248,140,150,4.387,22,2.808,19,199.479,115,0.569,381
249,80,250,6.671,21,2.841,18,199.29,114,0.53,380
250,80,100,10.277,20,2.854,17,199.531,113,0.35,379
251,100,150,6.832,19,2.778,16,199.622,112,0.664,378
252,80,100,12.873,18,2.645,15,199.488,111,0.141,377
253,100,250,5.717,17,2.996,14,199.518,110,0.647,376
254,120,200,5.507,16,2.859,13,199.372,109,0.381,375
255,80,100,12.348,15,3.066,12,199.186,108,1.067,374
256,120,100,7.62,14,2.926,11,199.156,107,0.0,373
257,80,200,8.135,13,2.901,10,199.353,106,0.084,372
258,80,200,8.873,12,3.204,9,199.256,105,0.365,371
259,120,250,4.851,11,3.224,8,199.211,104,0.363,370
260,140,150,4.809,10,3.347,7,199.284,103,0.755,369
261,80,250,8.029,9,3.706,6,199.339,102,0.104,368
262,100,150,7.871,8,3.362,5,199.119,101,0.501,367
263,140,250,3.769,7,3.442,4,199.206,100,0.57,366
264,140,100,5.78,6,3.167,3,199.389,99,0.459,365
265,120,100,7.007,5,3.164,2,199.117,98,0.047,364
266,100,100,9.51,4,3.777,1,199.298,97,0.643,363
267,100,150,7.895,3,0.326,170,199.149,96,0.602,362
268,120,250,4.585,2,0.303,169,199.238,95,0.449,361
269,120,100,7.622,1,0.506,168,199.279,94,0.354,360
270,100,150,4.602,310,0.497,167,199.229,93,0.363,359
271,80,100,7.484,309,0.337,166,199.231,92,0.291,358
272,80,250,5.15,308,0.458,165,199.011,91,0.475,357
273,140,200,2.793,307,0.767,164,199.222,90,0.327,356
274,100,250,3.037,306,0.362,163,199.011,89,0.111,355
275,100,200,4.407,305,0.246,162,199.107,88,0.065,354
276,100,200,3.573,304,0.716,161,199.092,87,0.144,353
277,140,250,2.448,303,0.628,160,199.099,86,0.391,352
278,80,100,7.103,302,0.408,159,199.069,85,0.333,351
279,80,250,4.279,301,0.218,158,198.935,84,0.398,350
280,100,200,3.094,300,0.389,157,198.868,83,0.474,349
281,100,200,3.711,299,0.53,156,199.074,82,0.196,348
282,120,150,2.932,298,0.777,155,198.99,81,0.724,347
283,100,250,3.705,297,0.34,154,199.07,80,0.295,346
284,100,150,5.023,296,0.533,153,198.934,79,0.258,345
285,140,100,3.23,295,0.689,152,198.781,78,0.491,344
286,80,250,4.603,294,0.081,151,199.001,77,0.0,343
287,120,100,3.949,293,0.768,150,198.85,76,0.182,342
288,120,100,3.991,292,0.328,149,198.904,75,0.63,341
289,100,200,4.074,291,0.635,148,198.788,74,0.0,340
290,140,100,3.5,290,0.622,147,198.999,73,0.673,339
291,100,250,3.971,289,0.794,146,198.729,72,0.776,338
292,140,150,2.732,288,0.692,145,198.765,71,0.31,337
293,100,100,5.887,287,0.111,144,198.791,70,0.48,336
294,120,250,2.723,286,0.434,143,198.653,69,0.692,335
295,120,200,3.255,285,0.624,142,198.777,68,0.3,334
296,140,150,2.746,284,0.562,141,198.886,67,0.639,333
297,100,200,3.772,283,0.702,140,198.657,66,0.259,332
298,100,200,3.749,282,0.77,139,198.726,65,0.312,331
299,80,100,6.502,281,0.739,138,198.393,64,0.236,330
300,100,250,3.617,280,0.58,137,198.644,63,0.527,329
301,140,150,3.064,279,0.26,136,198.597,62,0.735,328
302,80,200,5.315,278,0.544,135,198.527,61,0.405,327
303,140,250,2.571,277,0.725,134,198.697,60,0.138,326
304,120,200,3.461,276,0.43,133,198.536,59,0.19,325
305,80,200,4.839,275,0.781,132,198.53,58,0.564,324
306,100,150,4.554,274,0.843,131,198.489,57,0.932,323
307,120,100,4.02,273,0.693,130,198.315,56,0.574,322
308,100,150,4.406,272,0.062,129,198.372,55,0.384,321
309,80,250,4.235,271,0.427,128,198.56,54,0.677,320
310,120,200,3.52,270,1.067,127,198.232,53,0.431,319
311,120,150,3.631,269,0.588,126,198.344,52,0.401,318
312,80,250,4.412,268,0.309,125,198.359,51,0.262,317
313,100,250,3.815,267,0.96,124,198.551,50,0.859,316
314,80,250,3.546,266,0.724,123,198.432,49,0.0,315
315,120,150,2.814,265,0.951,122,198.277,48,0.716,314
316,120,200,3.282,264,0.794,121,198.44,47,0.406,313
317,120,200,3.063,263,0.839,120,198.213,46,0.425,312
318,140,150,2.973,262,0.829,119,198.365,45,0.956,311
319,140,150,2.524,261,0.905,118,198.105,44,0.36,310
320,100,100,5.405,260,1.23,117,198.325,43,0.374,309
321,80,150,7.001,259,0.978,116,198.153,42,0.516,308
322,120,200,3.301,258,0.478,115,198.067,41,0.658,307
323,140,250,2.291,257,0.893,114,198.124,40,0.45,306
324,140,250,2.158,256,1.042,113,198.149,39,0.172,305
325,80,100,6.904,255,1.064,112,198.047,38,0.355,304
326,80,200,4.021,254,0.749,111,198.127,37,0.897,303
327,80,100,7.373,253,1.078,110,197.989,36,0.601,302
328,80,200,5.509,252,1.042,109,198.084,35,0.701,301
329,120,150,2.996,251,1.382,108,198.041,34,0.528,300
330,120,150,3.315,250,0.728,107,197.965,33,0.434,299
331,100,200,3.422,249,0.788,106,197.901,32,1.024,298
332,100,150,4.038,248,0.84,105,197.934,31,0.563,297
333,140,250,2.281,247,0.815,104,197.948,30,0.505,296
334,100,200,3.081,246,0.748,103,198.073,29,0.896,295
335,140,250,2.409,245,0.385,102,197.934,28,0.447,294
336,140,200,2.729,244,0.864,101,197.911,27,0.485,293
337,100,150,4.366,243,1.037,100,198.095,26,0.642,292
338,80,250,3.48,242,0.878,99,197.81,25,0.645,291
339,140,150,2.659,241,1.377,98,197.779,24,0.716,290
340,120,200,3.463,240,1.006,97,197.774,23,1.18,289
341,100,100,4.019,239,1.275,96,197.574,22,0.747,288
342,120,100,4.234,238,1.083,95,197.603,21,0.075,287
343,120,200,2.747,237,1.21,94,197.568,20,0.757,286
344,140,100,3.902,236,1.115,93,197.655,19,0.691,285
345,100,250,3.262,235,1.347,92,197.543,18,0.698,284
346,140,250,2.383,234,1.099,91,197.546,17,0.755,283
347,140,200,2.707,233,1.202,90,197.611,16,0.692,282
348,80,200,6.086,232,1.191,89,197.559,15,0.693,281
349,80,200,5.075,231,1.076,88,197.427,14,0.865,280
350,120,100,4.574,230,1.23,87,197.346,13,0.583,279
351,80,150,5.135,229,1.612,86,197.496,12,0.487,278
352,100,150,5.054,228,1.127,85,197.429,11,1.486,277
353,100,250,3.261,227,1.281,84,197.161,10,0.558,276
354,140,100,3.459,226,1.466,83,197.259,9,0.768,275
355,140,150,2.981,225,1.459,82,197.275,8,0.376,274
356,80,150,5.121,224,1.25,81,197.305,7,0.785,273
357,140,100,3.747,223,0.788,80,197.287,6,0.529,272
358,80,100,8.069,222,1.386,79,197.192,5,0.658,271
359,120,150,3.739,221,0.856,78,197.19,4,1.036,270
360,140,100,3.123,220,1.612,77,197.105,3,0.9,269
361,140,100,3.639,219,1.37,76,196.999,2,0.93,268
362,80,150,6.486,218,1.555,75,197.007,1,0.352,267
363,140,100,3.034,217,1.193,74,200.001,250,1.26,266
364,80,200,4.724,216,1.082,73,199.995,249,0.51,265
365,120,100,4.858,215,1.464,72,199.81,248,1.196,264
366,100,150,4.723,214,1.425,71,199.958,247,1.076,263
367,100,150,4.791,213,1.353,70,200.004,246,0.972,262
368,80,250,5.555,212,1.488,69,199.969,245,0.621,261
369,140,200,2.745,211,2.045,68,199.973,244,0.879,260
370,100,250,3.807,210,1.678,67,200.046,243,0.73,259
371,120,150,4.629,209,1.742,66,199.889,242,0.862,258
372,100,150,4.547,208,1.722,65,199.833,241,0.799,257
373,100,150,4.299,207,1.87,64,199.961,240,0.358,256
374,140,250,2.461,206,1.558,63,200.072,239,1.155,255
375,80,250,4.965,205,1.207,62,200.164,238,0.862,254
376,120,250,2.735,204,1.602,61,200.073,237,0.768,253
377,120,250,2.603,203,1.824,60,199.847,236,0.756,252
378,100,200,4.921,202,1.49,59,199.97,235,0.992,251
379,100,200,4.179,201,1.672,58,200.019,234,0.686,250
380,80,250,4.475,200,1.592,57,200.01,233,0.353,249
381,140,150,3.346,199,2.054,56,200.046,232,1.025,248
382,140,150,3.057,198,1.927,55,199.899,231,1.061,247
383,80,250,4.709,197,1.931,54,199.997,230,0.888,246
384,80,150,6.557,196,1.949,53,200.032,229,0.658,245
385,80,100,6.736,195,1.841,52,200.071,228,0.974,244
386,80,200,5.59,194,1.913,51,199.907,227,0.593,243
387,140,150,3.657,193,1.661,50,199.953,226,0.71,242
388,140,250,2.516,192,1.486,49,199.716,225,0.786,241
389,80,250,4.697,191,1.979,48,199.923,224,1.192,240
390,120,150,3.613,190,2.039,47,199.932,223,0.898,239
391,80,200,5.251,189,2.242,46,199.881,222,0.884,238
392,100,250,3.612,188,2.341,45,199.999,221,1.492,237
393,120,200,3.183,187,2.367,44,199.975,220,1.098,236
394,120,100,5.058,186,1.88,43,199.754,219,1.102,235
395,140,200,2.299,185,2.036,42,200.0,218,0.933,234
396,80,200,5.928,184,2.23,41,199.884,217,0.883,233
397,80,200,5.319,183,2.668,40,200.025,216,0.493,232
398,100,100,6.104,182,2.485,39,199.846,215,1.29,231
399,100,150,4.337,181,2.441,38,199.976,214,1.167,230
400,140,250,2.754,180,2.168,37,199.943,213,1.018,229
401,140,100,4.331,179,2.098,36,200.001,212,1.036,228
402,100,150,5.269,178,2.461,35,199.981,211,1.262,227
403,140,150,2.759,177,2.112,34,199.942,210,0.697,226
404,100,100,6.405,176,2.314,33,199.812,209,0.946,225
405,120,100,4.928,175,2.369,32,199.816,208,0.817,224
406,100,150,4.187,174,2.74,31,199.904,207,1.551,223
407,80,250,5.0,173,2.381,30,199.959,206,1.335,222
408,140,100,4.071,172,1.995,29,199.897,205,0.573,221
409,80,150,6.812,171,2.615,28,200.019,204,0.753,220
410,80,100,8.09,170,2.405,27,199.926,203,1.106,219
411,80,200,5.787,169,2.585,26,199.856,202,1.029,218
412,100,150,5.58,168,2.591,25,199.922,201,0.824,217
413,80,250,5.611,167,2.586,24,199.97,200,1.649,216
414,80,200,4.246,166,2.831,23,199.978,199,1.249,215
415,120,250,2.978,165,2.399,22,200.131,198,1.298,214
416,140,200,2.789,164,2.635,21,199.874,197,1.014,213
417,80,150,5.581,163,2.909,20,199.931,196,1.376,212
418,100,250,3.9,162,2.682,19,199.978,195,1.108,211
419,120,150,4.417,161,2.517,18,199.931,194,1.14,210
420,140,250,2.31,160,3.007,17,199.88,193,1.372,209
421,120,250,3.188,159,3.132,16,199.773,192,0.82,208
422,140,200,2.636,158,2.933,15,199.874,191,1.635,207
423,120,200,3.276,157,2.585,14,199.815,190,1.289,206
424,100,150,5.696,156,3.154,13,199.746,189,1.572,205
425,80,250,4.942,155,2.717,12,199.836,188,0.991,204
426,140,200,3.0,154,3.146,11,199.808,187,1.037,203
427,140,250,2.172,153,2.943,10,199.968,186,0.986,202
428,80,150,7.804,152,2.925,9,199.967,185,1.347,201
429,120,250,3.31,151,3.106,8,199.813,184,1.31,200
430,80,150,6.656,150,3.195,7,199.874,183,1.185,199
431,120,100,5.243,149,3.14,6,199.71,182,1.056,198
432,140,100,3.638,148,3.424,5,199.843,181,1.002,197
433,80,200,6.481,147,3.255,4,199.929,180,1.315,196
434,100,150,5.018,146,3.579,3,199.968,179,1.219,195
435,80,100,8.225,145,3.478,2,199.81,178,1.172,194
436,120,150,3.955,144,3.321,1,199.983,177,1.739,193
437,140,200,2.809,143,0.327,190,199.722,176,1.34,192
438,80,150,7.277,142,0.171,189,199.745,175,1.687,191
439,100,250,4.126,141,0.558,188,199.936,174,1.245,190
440,140,250,2.803,140,0.429,187,200.028,173,1.448,189
441,100,200,4.533,139,0.026,186,199.906,172,1.381,188
442,80,250,5.603,138,0.393,185,199.848,171,0.979,187
443,100,150,5.079,137,0.32,184,199.628,170,1.77,186
444,120,100,6.088,136,0.816,183,199.641,169,1.388,185
445,120,100,4.488,135,0.161,182,199.851,168,1.617,184
446,100,250,4.528,134,0.213,181,199.798,167,1.251,183
447,140,250,3.003,133,0.724,180,199.718,166,1.406,182
448,120,200,3.414,132,0.774,179,199.83,165,1.24,181
449,100,100,7.72,131,0.354,178,199.83,164,1.774,180
450,140,150,3.795,130,0.377,177,199.908,163,1.552,179
451,140,100,4.649,129,0.628,176,199.822,162,1.575,178
452,100,100,6.593,128,0.04,175,199.925,161,1.832,177
453,80,100,8.562,127,0.134,174,199.798,160,1.79,176
454,120,200,3.658,126,0.451,173,199.78,159,1.701,175
455,120,100,5.441,125,0.818,172,199.892,158,1.164,174
456,80,250,6.176,124,0.422,171,199.682,157,1.354,173
457,120,150,4.391,123,0.531,170,200.056,156,1.286,172
458,140,150,3.317,122,0.739,169,199.806,155,1.728,171
459,80,200,6.662,121,0.935,168,199.8,154,1.598,170
460,120,250,3.624,120,0.4,167,199.808,153,1.217,169
461,80,150,7.631,119,0.514,166,199.937,152,1.527,168
462,120,100,5.682,118,0.883,165,199.822,151,1.21,167
463,100,100,6.611,117,0.216,164,199.576,150,1.579,166
464,80,250,5.247,116,0.728,163,199.87,149,1.188,165
465,140,100,4.154,115,0.321,162,199.689,148,1.743,164
466,80,200,5.547,114,0.548,161,199.727,147,1.715,163
467,120,150,4.518,113,0.481,160,199.581,146,2.107,162
468,80,250,5.681,112,0.341,159,199.755,145,1.851,161
469,140,100,4.349,111,0.338,158,199.63,144,1.543,160
470,120,250,2.669,110,0.593,157,199.698,143,1.862,159
471,140,200,2.892,109,0.74,156,199.652,142,1.318,158
472,100,150,6.13,108,0.518,155,199.865,141,1.436,157
473,100,100,6.575,107,0.561,154,199.863,140,1.77,156
474,120,250,3.595,106,0.664,153,199.662,139,1.156,155
475,140,150,3.337,105,0.359,152,199.656,138,1.696,154
476,140,150,4.155,104,0.705,151,199.604,137,1.46,153
477,80,150,7.473,103,0.725,150,199.744,136,1.75,152
478,120,100,5.712,102,1.086,149,199.592,135,1.465,151
479,80,150,8.933,101,0.494,148,199.574,134,1.85,150
480,100,100,7.865,100,0.481,147,199.706,133,1.758,149
481,140,100,4.539,99,0.731,146,199.546,132,2.113,148
482,100,150,5.535,98,0.746,145,199.587,131,1.775,147
483,140,100,4.558,97,0.48,144,199.424,130,1.591,146
484,100,150,6.046,96,0.511,143,199.643,129,1.731,145
485,80,250,5.932,95,0.704,142,199.758,128,1.467,144
486,100,100,6.962,94,0.436,141,199.626,127,1.914,143
487,120,100,6.349,93,0.524,140,199.691,126,1.97,142
488,140,100,4.696,92,0.63,139,199.451,125,2.45,141
489,120,200,4.761,91,0.817,138,199.549,124,1.687,140
490,140,150,3.914,90,0.502,137,199.422,123,1.785,139
491,140,150,4.409,89,0.261,136,199.483,122,1.718,138
492,140,100,4.913,88,0.252,135,199.573,121,1.925,137
493,120,150,5.087,87,0.39,134,199.496,120,1.978,136
494,100,150,5.672,86,0.385,133,199.334,119,1.879,135
495,100,150,5.632,85,0.624,132,199.333,118,2.174,134
496,80,200,7.121,84,0.423,131,199.316,117,1.758,133
497,100,250,5.01,83,0.528,130,199.492,116,2.169,132
498,140,150,3.988,82,0.52,129,199.639,115,2.068,131
499,100,250,4.27,81,0.594,128,199.558,114,1.94,130
500,80,200,6.293,80,0.954,127,199.221,113,1.875,129
501,120,150,4.368,79,0.83,126,199.541,112,2.57,128
502,140,100,4.307,78,0.709,125,199.481,111,1.77,127
503,140,150,4.065,77,0.621,124,199.221,110,2.059,126
504,100,200,5.758,76,0.635,123,199.334,109,1.807,125
505,100,100,7.559,75,0.795,122,199.462,108,2.451,124
506,120,250,3.215,74,0.855,121,199.395,107,2.237,123
507,80,150,8.103,73,0.566,120,199.197,106,1.856,122
508,100,250,4.772,72,0.763,119,199.376,105,2.164,121
509,80,200,8.198,71,0.359,118,199.089,104,2.111,120
510,140,150,3.7,70,0.817,117,199.268,103,1.928,119
511,120,100,5.965,69,0.936,116,199.391,102,2.257,118
512,140,200,4.008,68,0.738,115,199.266,101,2.176,117
513,140,150,4.282,67,1.167,114,199.201,100,2.143,116
514,140,100,5.299,66,0.637,113,199.327,99,2.089,115
515,80,250,6.565,65,0.867,112,199.322,98,2.218,114
516,140,150,4.285,64,0.827,111,199.342,97,2.178,113
517,80,100,10.908,63,0.825,110,199.285,96,2.146,112
518,100,150,6.067,62,0.833,109,199.291,95,1.982,111
519,120,150,5.431,61,0.889,108,199.242,94,2.576,110
520,100,250,4.54,60,1.048,107,199.181,93,1.901,109
521,80,200,7.578,59,1.165,106,199.149,92,2.282,108
522,80,100,10.644,58,0.901,105,199.102,91,2.105,107
523,140,100,5.026,57,1.077,104,198.99,90,2.636,106
524,100,200,5.653,56,0.785,103,199.001,89,1.981,105
525,100,100,7.699,55,1.091,102,199.053,88,2.034,104
526,140,150,4.013,54,0.798,101,199.09,87,1.987,103
527,80,100,10.431,53,1.181,100,199.195,86,2.321,102
528,140,100,4.936,52,1.418,99,199.031,85,1.908,101
529,140,250,3.448,51,0.965,98,199.12,84,2.142,100
530,120,100,6.005,50,0.564,97,199.111,83,1.735,99
531,80,100,11.314,49,0.907,96,198.964,82,2.344,98
532,80,250,6.334,48,1.277,95,199.03,81,2.17,97
533,100,100,7.93,47,1.155,94,198.93,80,1.934,96
534,120,250,3.991,46,1.108,93,199.07,79,2.589,95
535,80,100,11.882,45,1.275,92,198.985,78,2.002,94
536,100,100,8.485,44,1.185,91,198.785,77,2.539,93
537,80,100,10.868,43,1.346,90,198.903,76,2.176,92
538,120,200,4.857,42,1.302,89,199.035,75,2.763,91
539,80,200,6.79,41,1.438,88,198.834,74,2.561,90
540,120,150,5.455,40,1.221,87,198.879,73,2.133,89
541,80,100,12.564,39,1.346,86,198.871,72,2.167,88
542,80,100,11.286,38,1.12,85,198.695,71,2.559,87
543,80,200,7.973,37,1.077,84,198.832,70,2.354,86
544,140,100,5.788,36,1.555,83,198.623,69,2.388,85
545,80,200,8.436,35,1.274,82,198.681,68,2.76,84
546,100,200,5.312,34,1.409,81,198.833,67,2.266,83
547,120,250,3.881,33,1.29,80,198.742,66,2.488,82
548,120,150,5.684,32,1.165,79,198.656,65,2.715,81
549,120,100,6.592,31,1.303,78,198.712,64,2.69,80
550,140,150,5.033,30,1.606,77,198.642,63,2.46,79
551,100,250,5.406,29,1.448,76,198.63,62,2.439,78
552,140,200,3.581,28,1.013,75,198.674,61,2.088,77
553,100,200,5.725,27,1.331,74,198.516,60,2.271,76
554,140,150,3.933,26,1.749,73,198.572,59,2.626,75
555,120,100,6.931,25,1.369,72,198.517,58,2.524,74
556,120,250,4.41,24,1.071,71,198.369,57,2.588,73
557,140,250,3.597,23,1.83,70,198.414,56,2.841,72
558,140,250,3.942,22,1.607,69,198.642,55,2.296,71
559,140,250,3.98,21,1.477,68,198.502,54,2.546,70
560,120,150,5.775,20,1.437,67,198.31,53,2.664,69
561,80,150,8.489,19,1.749,66,198.267,52,2.453,68
562,100,100,9.363,18,1.445,65,198.388,51,2.999,67
563,80,250,7.824,17,1.804,64,198.533,50,2.88,66
564,140,200,4.299,16,1.704,63,198.336,49,2.737,65
565,80,150,10.41,15,1.666,62,198.463,48,3.125,64
566,80,250,7.133,14,1.669,61,198.345,47,2.314,63
567,80,200,9.584,13,1.627,60,198.334,46,2.699,62
568,120,250,4.383,12,1.893,59,198.13,45,2.804,61
569,120,250,4.857,11,1.534,58,198.334,44,2.496,60
570,140,100,5.501,10,1.406,57,198.184,43,2.812,59
571,100,150,7.194,9,1.876,56,198.28,42,2.473,58
572,100,200,7.174,8,1.903,55,198.088,41,2.934,57
573,80,250,7.716,7,1.896,54,198.163,40,3.038,56
574,80,100,13.016,6,1.906,53,198.156,39,2.854,55
575,100,150,7.804,5,1.785,52,198.081,38,2.335,54
576,140,200,4.368,4,2.031,51,198.112,37,2.569,53
577,120,250,5.147,3,1.889,50,198.02,36,2.964,52
578,140,100,6.173,2,1.826,49,197.957,35,2.84,51
579,80,200,8.047,1,1.886,48,198.157,34,2.174,50
580,80,150,5.312,290,2.378,47,198.076,33,3.17,49
581,140,100,3.707,289,1.653,46,197.869,32,2.906,48
582,80,200,5.2,288,2.126,45,197.976,31,2.68,47
583,80,150,4.878,287,1.717,44,197.819,30,3.146,46
584,100,200,3.515,286,2.058,43,197.748,29,2.74,45
585,140,150,2.706,285,2.02,42,197.943,28,2.75,44
586,120,250,2.601,284,1.717,41,197.643,27,3.024,43
587,80,100,6.117,283,2.239,40,197.879,26,3.393,42
588,140,250,2.088,282,2.113,39,197.733,25,3.366,41
589,140,100,3.268,281,1.797,38,197.71,24,3.062,40
590,140,200,2.683,280,2.414,37,197.744,23,3.101,39
591,140,150,3.11,279,2.561,36,197.733,22,3.196,38
592,80,150,5.712,278,2.601,35,197.564,21,2.696,37
593,140,100,3.391,277,2.404,34,197.69,20,3.184,36
594,100,200,3.853,276,2.371,33,197.601,19,2.853,35
595,140,100,3.245,275,2.657,32,197.435,18,3.129,34
596,120,200,2.684,274,2.758,31,197.515,17,3.005,33
597,140,200,2.266,273,2.679,30,197.64,16,3.2,32
598,120,250,2.541,272,2.295,29,197.64,15,3.117,31
599,120,200,2.683,271,2.554,28,197.515,14,2.332,30
600,120,150,3.559,270,2.633,27,197.294,13,3.158,29
601,140,200,2.684,269,2.215,26,197.432,12,3.287,28
602,120,250,2.29,268,2.702,25,197.437,11,3.251,27
603,80,150,5.838,267,3.095,24,197.394,10,3.127,26
604,140,100,3.468,266,2.801,23,197.369,9,3.576,25
605,120,250,2.812,265,3.0,22,197.295,8,3.256,24
606,100,100,5.398,264,2.775,21,197.22,7,3.301,23
607,120,200,2.608,263,2.757,20,197.135,6,3.466,22
608,140,100,3.111,262,2.882,19,196.974,5,3.308,21
609,140,100,3.565,261,2.676,18,197.165,4,3.006,20
610,140,250,2.477,260,2.681,17,197.117,3,2.634,19
611,100,100,4.24,259,3.161,16,197.122,2,3.138,18
612,140,200,2.604,258,3.217,15,196.899,1,3.461,17
613,100,200,4.285,257,2.779,14,200.032,210,3.196,16
614,120,100,4.259,256,3.206,13,200.171,209,3.497,15
615,120,100,4.56,255,3.031,12,199.972,208,3.348,14
616,80,250,4.232,254,3.152,11,199.956,207,3.646,13
617,100,200,3.802,253,3.213,10,199.991,206,3.263,12
618,80,100,6.054,252,3.356,9,200.161,205,3.468,11
619,80,250,3.51,251,3.211,8,199.854,204,3.491,10
620,100,150,4.862,250,3.513,7,199.974,203,3.753,9
621,100,100,4.931,249,3.331,6,199.872,202,2.964,8
622,80,250,4.361,248,3.431,5,199.895,201,3.29,7
623,100,100,4.725,247,3.178,4,199.943,200,3.63,6
624,120,200,2.655,246,3.815,3,200.08,199,3.818,5
625,80,250,4.497,245,3.516,2,200.123,198,3.505,4
626,100,200,3.597,244,3.603,1,199.986,197,3.386,3
627,100,200,4.018,243,0.184,175,199.901,196,3.662,2
628,120,150,3.723,242,0.342,174,200.185,195,3.703,1
629,100,100,5.661,241,0.755,173,199.89,194,0.0,470
630,120,200,3.165,240,0.566,172,199.873,193,0.105,469
631,100,250,4.009,239,0.127,171,199.75,192,0.319,468
632,100,100,4.935,238,0.718,170,200.064,191,0.497,467
633,100,250,3.465,237,0.403,169,200.019,190,0.212,466
634,80,150,6.601,236,0.796,168,200.161,189,0.038,465
635,120,200,3.486,235,0.498,167,199.777,188,0.015,464
636,80,100,6.299,234,0.558,166,200.059,187,0.169,463
637,100,200,3.791,233,0.755,165,199.917,186,0.002,462
638,140,100,4.109,232,0.341,164,199.987,185,0.08,461
639,140,150,3.115,231,0.324,163,199.738,184,0.0,460
640,120,200,3.18,230,0.486,162,200.046,183,0.359,459
641,140,100,3.568,229,0.693,161,199.975,182,0.0,458
642,140,150,2.869,228,0.264,160,199.889,181,0.0,457
643,100,200,4.041,227,0.199,159,199.953,180,0.064,456
644,140,100,3.567,226,0.7,158,199.809,179,0.538,455
645,100,150,4.531,225,0.417,157,199.823,178,0.0,454
646,100,150,4.589,224,0.462,156,199.831,177,0.0,453
647,120,200,2.94,223,0.172,155,199.688,176,0.0,452
648,140,250,2.439,222,0.411,154,199.955,175,0.462,451
649,140,250,2.969,221,0.549,153,199.984,174,0.0,450
650,100,100,4.655,220,0.74,152,199.791,173,0.0,449
651,120,100,4.603,219,0.403,151,199.891,172,0.735,448
652,80,100,6.886,218,0.892,150,199.826,171,0.201,447
653,140,200,2.753,217,0.428,149,199.88,170,0.0,446
654,120,100,4.5,216,0.432,148,199.78,169,0.046,445
655,120,100,4.809,215,0.881,147,199.75,168,0.075,444
656,140,250,2.603,214,0.62,146,199.939,167,0.272,443
657,120,250,2.896,213,0.471,145,199.822,166,0.522,442
658,80,250,5.231,212,0.555,144,200.026,165,0.161,441
659,100,150,3.603,211,0.862,143,199.823,164,0.0,440
660,80,200,6.09,210,0.889,142,199.721,163,0.265,439
661,120,200,3.308,209,0.438,141,199.931,162,0.0,438
662,80,100,8.27,208,0.598,140,199.866,161,0.0,437
663,80,200,4.71,207,0.63,139,199.87,160,0.0,436
664,120,200,2.958,206,0.42,138,199.911,159,0.0,435
665,120,150,3.759,205,0.612,137,199.721,158,0.0,434
666,120,250,2.872,204,0.63,136,199.767,157,0.0,433
667,140,200,2.726,203,0.863,135,199.757,156,0.16,432
668,140,200,2.928,202,0.883,134,199.639,155,0.0,431
669,80,200,4.482,201,0.582,133,199.736,154,0.0,430
670,140,250,2.601,200,0.612,132,199.89,153,0.0,429
671,120,200,3.241,199,0.794,131,199.773,152,0.0,428
672,120,150,3.674,198,0.551,130,199.609,151,0.0,427
673,80,250,4.166,197,0.793,129,199.581,150,0.475,426
674,120,200,3.403,196,0.665,128,199.896,149,0.0,425
675,120,250,2.265,195,0.496,127,199.714,148,0.32,424
676,120,100,4.888,194,0.506,126,199.652,147,0.097,423
677,80,150,5.403,193,0.995,125,199.682,146,0.094,422
678,120,250,2.94,192,0.682,124,199.555,145,0.0,421
679,140,200,2.673,191,1.05,123,199.837,144,0.094,420
680,120,250,3.249,190,0.627,122,199.648,143,0.0,419
681,80,100,7.589,189,0.797,121,199.817,142,0.156,418
682,140,100,3.596,188,1.226,120,199.678,141,0.057,417
683,140,250,2.32,187,0.545,119,199.808,140,0.0,416
684,80,150,7.061,186,0.386,118,199.683,139,0.369,415
685,140,200,2.86,185,1.032,117,199.735,138,0.231,414
686,100,150,4.636,184,0.619,116,199.713,137,0.015,413
687,120,150,3.749,183,0.79,115,199.696,136,0.166,412
688,100,250,3.205,182,0.686,114,199.66,135,0.111,411
689,140,100,4.018,181,0.867,113,199.593,134,0.0,410
690,140,250,2.07,180,0.634,112,199.8,133,0.155,409
691,140,250,2.63,179,0.798,111,199.509,132,0.0,408
692,140,200,2.791,178,0.935,110,199.591,131,0.0,407
693,140,150,3.873,177,0.654,109,199.583,130,0.0,406
694,80,100,7.106,176,0.727,108,199.613,129,0.059,405
695,100,200,4.185,175,0.809,107,199.521,128,0.293,404
696,120,150,4.513,174,0.604,106,199.586,127,0.0,403
697,120,100,5.278,173,0.817,105,199.528,126,0.787,402
698,80,150,6.08,172,0.937,104,199.377,125,0.381,401
699,80,250,5.128,171,0.846,103,199.527,124,0.489,400
700,120,150,3.918,170,0.884,102,199.406,123,0.365,399
701,120,100,4.927,169,0.947,101,199.332,122,0.632,398
702,80,200,5.305,168,0.832,100,199.51,121,0.0,397
703,80,100,7.946,167,1.114,99,199.534,120,0.0,396
704,80,250,4.363,166,1.277,98,199.528,119,0.066,395
705,120,250,3.099,165,0.91,97,199.521,118,0.321,394
706,80,250,5.294,164,1.114,96,199.261,117,0.222,393
707,120,250,3.013,163,0.982,95,199.307,116,0.256,392
708,100,100,5.256,162,1.117,94,199.63,115,0.521,391
709,100,100,6.655,161,1.372,93,199.317,114,0.289,390
710,120,150,4.118,160,1.175,92,199.471,113,0.397,389
711,120,150,3.748,159,0.733,91,199.33,112,0.0,388
712,120,250,3.029,158,1.194,90,199.395,111,0.0,387
713,140,200,2.497,157,1.365,89,199.312,110,0.61,386
714,140,200,2.62,156,1.089,88,199.42,109,0.235,385
715,140,250,2.457,155,1.348,87,199.366,108,0.058,384
716,120,200,3.867,154,1.027,86,199.295,107,0.062,383
717,100,150,4.806,153,0.884,85,199.223,106,0.058,382
718,80,150,7.102,152,1.226,84,199.342,105,0.047,381
719,120,200,3.359,151,0.863,83,199.182,104,0.0,380
720,80,100,8.456,150,1.183,82,199.333,103,0.0,379
721,140,200,2.88,149,1.505,81,199.54,102,0.186,378
722,140,200,3.137,148,0.883,80,199.399,101,0.09,377
723,80,200,5.626,147,1.027,79,199.323,100,0.518,376
724,140,200,2.545,146,1.094,78,199.229,99,0.319,375
725,80,250,4.677,145,1.306,77,199.031,98,0.315,374
726,120,250,3.053,144,1.263,76,199.079,97,0.067,373
727,80,200,5.321,143,1.635,75,199.325,96,0.226,372
728,100,150,5.382,142,1.565,74,199.104,95,0.35,371
729,120,100,4.888,141,1.492,73,199.099,94,0.443,370
730,120,250,3.86,140,1.441,72,199.138,93,0.244,369
731,100,250,3.472,139,1.51,71,199.034,92,0.541,368
732,140,200,3.036,138,1.279,70,199.003,91,0.277,367
733,140,250,2.426,137,1.642,69,199.106,90,0.477,366
734,80,250,5.179,136,1.269,68,199.007,89,0.16,365
735,120,250,3.297,135,1.679,67,199.007,88,0.0,364
736,120,200,2.955,134,1.769,66,198.988,87,0.358,363
737,100,100,6.629,133,1.595,65,199.103,86,0.476,362
738,120,100,5.996,132,1.539,64,199.012,85,0.443,361
739,140,100,4.131,131,1.676,63,199.001,84,0.408,360
740,140,150,3.585,130,1.045,62,199.063,83,0.22,359
741,140,200,3.301,129,1.7,61,198.973,82,0.109,358
742,120,150,4.22,128,1.639,60,198.943,81,0.453,357
743,100,100,6.284,127,1.674,59,199.002,80,0.426,356
744,140,100,3.544,126,1.848,58,199.005,79,0.183,355
745,100,250,4.406,125,1.715,57,198.907,78,0.605,354
746,120,250,3.314,124,1.525,56,198.912,77,0.111,353
747,100,150,4.995,123,1.748,55,198.809,76,0.19,352
748,100,250,4.263,122,1.814,54,198.784,75,0.749,351
749,80,200,5.961,121,1.847,53,198.929,74,0.562,350
750,140,250,2.668,120,1.881,52,198.879,73,0.259,349
751,80,250,5.889,119,2.081,51,198.862,72,0.425,348
752,80,200,5.631,118,1.681,50,198.827,71,0.396,347
753,140,150,3.921,117,1.958,49,198.785,70,0.0,346
754,120,200,3.393,116,2.207,48,198.832,69,0.14,345
755,100,150,5.255,115,1.627,47,198.837,68,0.358,344
756,120,150,5.091,114,2.036,46,198.816,67,0.286,343
757,100,200,5.25,113,1.909,45,198.696,66,0.442,342
758,80,200,6.442,112,1.979,44,198.826,65,0.667,341
759,120,200,3.579,111,1.899,43,198.69,64,0.309,340
760,80,150,7.116,110,2.073,42,198.711,63,0.129,339
761,120,150,4.507,109,2.502,41,198.657,62,0.479,338
762,140,100,4.551,108,1.908,40,198.633,61,0.321,337
763,140,200,3.195,107,1.955,39,198.515,60,0.368,336
764,100,200,4.901,106,1.957,38,198.638,59,0.339,335
765,140,250,2.845,105,2.591,37,198.832,58,0.977,334
766,120,200,3.499,104,2.182,36,198.49,57,0.0,333
767,100,150,5.492,103,2.298,35,198.513,56,0.329,332
768,80,100,9.923,102,2.252,34,198.441,55,0.43,331
769,100,100,6.31,101,2.173,33,198.415,54,0.241,330
770,120,150,4.522,100,2.345,32,198.597,53,0.666,329
771,140,150,3.56,99,2.914,31,198.354,52,0.649,328
772,80,150,7.721,98,2.731,30,198.352,51,0.439,327
773,120,150,4.49,97,2.312,29,198.218,50,0.388,326
774,140,250,3.29,96,2.643,28,198.279,49,0.433,325
775,140,100,4.874,95,2.379,27,198.162,48,0.439,324
776,100,150,5.285,94,2.221,26,198.373,47,0.451,323
777,80,100,9.978,93,2.812,25,198.567,46,0.429,322
778,100,150,5.551,92,2.872,24,198.227,45,0.544,321
779,140,200,3.215,91,2.882,23,198.074,44,0.674,320
780,140,100,4.872,90,2.612,22,198.307,43,0.183,319
781,120,150,4.557,89,2.705,21,198.121,42,0.233,318
782,80,100,10.266,88,2.922,20,198.3,41,0.064,317
783,80,250,5.767,87,2.884,19,198.117,40,0.723,316
784,100,200,4.952,86,2.76,18,198.058,39,0.574,315
785,120,100,5.576,85,2.549,17,198.079,38,0.643,314
786,80,100,9.348,84,2.931,16,198.148,37,0.165,313
787,120,100,6.354,83,3.158,15,198.024,36,0.974,312
788,120,150,5.039,82,2.738,14,197.972,35,0.381,311
789,80,250,6.978,81,3.141,13,197.977,34,0.58,310
790,80,200,8.1,80,3.115,12,197.844,33,0.757,309
791,100,250,4.383,79,3.234,11,197.985,32,0.302,308
792,120,150,4.901,78,3.295,10,197.741,31,0.418,307
793,140,150,3.697,77,3.018,9,197.849,30,0.605,306
794,100,150,5.822,76,2.871,8,197.942,29,1.28,305
795,100,100,7.23,75,3.125,7,197.87,28,0.646,304
796,140,250,2.917,74,3.447,6,197.872,27,0.978,303
797,100,100,7.05,73,3.198,5,197.779,26,0.884,302
798,100,150,6.169,72,3.206,4,197.876,25,0.68,301
799,100,200,4.954,71,3.019,3,197.823,24,0.346,300
800,80,100,10.74,70,3.772,2,197.748,23,0.864,299
801,100,150,5.888,69,3.626,1,197.768,22,0.23,298
802,120,150,5.994,68,0.684,160,197.722,21,1.011,297
803,140,150,4.024,67,0.726,159,197.575,20,0.666,296
804,120,100,6.216,66,0.65,158,197.455,19,0.0,295
805,140,100,4.663,65,0.489,157,197.603,18,0.543,294
806,120,100,6.946,64,0.508,156,197.586,17,0.797,293
807,80,150,9.103,63,0.458,155,197.611,16,0.58,292
808,100,100,8.021,62,1.074,154,197.379,15,0.824,291
809,140,250,2.977,61,0.661,153,197.352,14,0.439,290
810,80,100,10.603,60,0.461,152,197.459,13,0.331,289
811,140,200,3.406,59,0.65,151,197.375,12,0.645,288
812,120,200,4.919,58,0.359,150,197.163,11,0.677,287
813,100,150,6.869,57,0.866,149,197.359,10,0.588,286
814,140,250,3.346,56,0.437,148,197.105,9,0.988,285
815,140,100,4.421,55,0.673,147,197.164,8,0.475,284
816,80,100,9.955,54,0.791,146,197.363,7,0.772,283
817,80,150,9.116,53,0.659,145,197.378,6,0.717,282
818,120,100,6.968,52,0.605,144,197.042,5,0.316,281
819,140,150,4.676,51,0.593,143,197.098,4,0.382,280
820,80,150,7.886,50,0.585,142,197.103,3,0.721,279
821,120,250,4.2,49,0.486,141,197.244,2,1.22,278
822,80,150,9.44,48,0.517,140,196.984,1,0.875,277
823,120,250,3.7,47,0.908,139,199.952,260,0.305,276
824,120,250,4.156,46,0.596,138,200.155,259,0.0,275
825,80,250,7.046,45,0.466,137,199.962,258,0.933,274
826,120,100,6.488,44,0.526,136,200.072,257,0.732,273
827,140,250,3.052,43,0.855,135,199.852,256,1.048,272
828,140,200,3.802,42,0.777,134,199.982,255,0.548,271
829,80,250,6.866,41,0.76,133,199.833,254,0.863,270
830,80,150,8.996,40,0.603,132,199.894,253,0.993,269
831,80,250,6.805,39,0.776,131,200.083,252,0.676,268
832,100,200,5.821,38,0.539,130,199.994,251,0.688,267
833,80,100,11.2,37,0.623,129,199.967,250,0.807,266
834,140,150,4.696,36,0.876,128,199.924,249,0.943,265
835,140,100,5.508,35,0.865,127,199.976,248,0.811,264
836,140,250,3.471,34,0.501,126,200.028,247,1.064,263
837,80,150,9.339,33,0.534,125,200.096,246,0.712,262
838,80,100,10.056,32,0.735,124,199.735,245,0.502,261
839,140,200,4.139,31,1.067,123,199.914,244,1.335,260
840,100,150,7.093,30,0.347,122,200.013,243,0.697,259
841,120,100,6.956,29,0.794,121,199.987,242,0.712,258
842,140,250,3.844,28,0.472,120,200.037,241,0.845,257
843,80,250,6.463,27,0.629,119,200.023,240,0.885,256
844,80,200,7.242,26,0.692,118,199.965,239,0.778,255
845,80,200,8.388,25,0.69,117,199.942,238,0.878,254
846,80,150,9.555,24,0.677,116,199.97,237,0.879,253
847,80,200,8.391,23,0.795,115,200.109,236,0.939,252
848,140,200,4.026,22,0.697,114,199.92,235,0.313,251
849,120,100,7.404,21,0.521,113,199.987,234,1.38,250
850,140,100,6.22,20,0.98,112,200.011,233,0.88,249
851,140,150,4.966,19,0.985,111,200.148,232,1.069,248
852,140,150,4.769,18,1.014,110,199.961,231,0.586,247
853,80,100,10.495,17,0.548,109,200.086,230,0.82,246
854,100,100,9.503,16,0.927,108,200.113,229,0.777,245
855,140,250,4.059,15,1.014,107,199.982,228,1.32,244
856,80,150,10.249,14,0.684,106,199.967,227,0.813,243
857,80,200,8.145,13,0.903,105,199.954,226,1.156,242
858,120,200,5.39,12,0.89,104,199.961,225,0.811,241
859,140,200,4.506,11,1.294,103,200.071,224,0.868,240
860,140,200,4.693,10,1.323,102,200.007,223,0.927,239
861,140,150,4.74,9,0.618,101,200.007,222,1.317,238
862,80,250,7.705,8,1.462,100,199.87,221,0.53,237
863,140,150,5.237,7,0.793,99,199.884,220,0.681,236
864,140,250,3.917,6,1.186,98,200.194,219,0.531,235
865,120,150,5.745,5,1.197,97,199.961,218,0.753,234
866,140,100,6.359,4,0.817,96,199.9,217,0.83,233
867,140,250,4.072,3,1.129,95,200.119,216,0.636,232
868,100,100,9.574,2,1.023,94,200.003,215,0.864,231
869,80,250,8.089,1,1.17,93,200.031,214,0.551,230
870,100,100,5.191,330,1.119,92,199.958,213,0.808,229
871,80,100,8.084,329,1.327,91,199.938,212,1.37,228
872,80,200,4.532,328,1.118,90,199.952,211,1.179,227
873,80,250,4.193,327,1.084,89,199.829,210,1.132,226
874,120,150,3.468,326,1.353,88,199.957,209,0.842,225
875,120,100,4.616,325,1.265,87,199.993,208,0.717,224
876,120,100,3.608,324,1.311,86,200.147,207,0.824,223
877,120,250,2.332,323,1.048,85,199.969,206,1.105,222
878,120,200,2.389,322,0.988,84,199.725,205,1.341,221
879,120,100,4.257,321,1.1,83,199.947,204,1.357,220
880,80,150,5.108,320,1.107,82,200.228,203,1.297,219
881,140,150,2.748,319,1.405,81,200.039,202,0.963,218
882,100,100,5.682,318,1.46,80,199.869,201,1.161,217
883,80,250,4.17,317,1.252,79,200.007,200,1.083,216
884,140,200,2.532,316,1.587,78,199.871,199,1.121,215
885,120,100,4.117,315,1.592,77,199.808,198,1.688,214
886,80,200,5.317,314,1.385,76,199.906,197,0.746,213
887,80,150,6.026,313,1.191,75,199.947,196,1.136,212
888,80,100,6.559,312,1.689,74,199.748,195,1.506,211
889,100,150,4.28,311,1.38,73,199.818,194,0.845,210
890,80,100,7.783,310,1.437,72,199.931,193,1.058,209
891,120,100,4.413,309,1.363,71,199.887,192,1.095,208
892,120,250,2.311,308,1.273,70,199.964,191,1.18,207
893,140,200,2.639,307,1.177,69,199.8,190,0.845,206
894,120,100,3.787,306,1.618,68,199.99,189,1.401,205
895,120,250,3.066,305,1.355,67,199.798,188,1.427,204
896,120,200,3.311,304,2.144,66,200.077,187,1.395,203
897,80,250,4.59,303,1.336,65,199.738,186,1.059,202
898,80,200,5.067,302,1.323,64,199.797,185,1.306,201
899,120,150,3.398,301,1.698,63,199.945,184,1.068,200
900,80,200,5.328,300,1.923,62,200.066,183,1.218,199
901,80,200,4.806,299,1.652,61,199.928,182,1.848,198
902,80,200,5.109,298,1.776,60,199.949,181,1.342,197
903,140,100,3.813,297,1.315,59,199.891,180,1.03,196
904,100,150,4.118,296,1.571,58,199.783,179,1.38,195
905,120,100,3.994,295,1.515,57,199.832,178,1.006,194
906,100,150,3.845,294,1.374,56,199.756,177,1.052,193
907,80,100,6.317,293,1.8,55,199.746,176,1.1,192
908,100,100,4.373,292,1.352,54,199.909,175,1.258,191
909,80,250,4.797,291,1.56,53,199.753,174,1.612,190
910,140,100,4.146,290,1.741,52,199.893,173,1.531,189
911,80,250,5.109,289,1.707,51,199.726,172,1.526,188
912,100,100,4.487,288,1.977,50,199.882,171,1.129,187
913,140,250,2.384,287,1.984,49,199.799,170,1.277,186
914,120,150,3.975,286,2.127,48,199.984,169,1.489,185
915,100,200,3.616,285,2.125,47,199.871,168,1.273,184
916,120,150,3.519,284,2.228,46,199.957,167,1.369,183
917,140,150,2.301,283,2.026,45,199.753,166,1.558,182
918,100,150,4.495,282,2.114,44,199.829,165,1.369,181
919,120,200,2.701,281,2.182,43,199.72,164,1.522,180
920,140,150,2.934,280,2.135,42,199.772,163,1.872,179
921,120,200,2.554,279,2.054,41,199.782,162,1.44,178
922,100,250,3.58,278,2.095,40,199.73,161,1.787,177
923,80,150,6.387,277,2.026,39,199.676,160,1.641,176
924,80,150,5.35,276,2.302,38,199.65,159,1.143,175
925,140,100,3.133,275,2.227,37,199.552,158,1.244,174
926,120,150,2.75,274,2.142,36,199.674,157,1.32,173
927,100,100,5.239,273,2.171,35,199.837,156,1.324,172
928,100,100,5.074,272,2.09,34,199.608,155,1.524,171
929,120,250,2.296,271,2.558,33,199.625,154,1.709,170
930,120,100,4.483,270,2.408,32,199.935,153,1.879,169
931,120,150,3.349,269,2.249,31,199.686,152,1.651,168
932,100,250,3.049,268,2.614,30,199.775,151,1.472,167
933,120,250,2.569,267,2.371,29,199.801,150,1.072,166
934,100,100,5.97,266,2.233,28,199.796,149,1.619,165
935,140,100,3.758,265,2.749,27,199.571,148,1.617,164
936,80,150,5.758,264,2.469,26,199.693,147,1.666,163
937,80,200,5.362,263,2.527,25,199.548,146,2.156,162
938,100,250,3.031,262,2.649,24,199.947,145,1.949,161
939,120,100,4.324,261,2.901,23,199.536,144,1.845,160
940,120,100,4.375,260,2.71,22,199.583,143,1.417,159
941,100,150,4.221,259,2.499,21,199.576,142,1.539,158
942,140,250,2.349,258,2.881,20,199.523,141,1.653,157
943,100,100,5.011,257,2.708,19,199.8,140,1.492,156
944,80,150,6.153,256,3.217,18,199.9,139,1.821,155
945,80,100,7.57,255,2.873,17,199.602,138,1.795,154
946,140,100,2.55,254,2.461,16,199.509,137,1.443,153
947,80,250,5.078,253,3.014,15,199.41,136,2.024,152
948,140,100,2.509,252,3.366,14,199.601,135,1.76,151
949,100,150,4.18,251,3.328,13,199.585,134,1.312,150
950,80,250,5.014,250,3.415,12,199.543,133,1.741,149
951,100,200,3.738,249,2.881,11,199.622,132,1.834,148
952,120,100,3.725,248,3.303,10,199.63,131,2.016,147
953,100,150,3.985,247,3.013,9,199.614,130,1.699,146
954,140,250,2.498,246,3.239,8,199.541,129,2.0,145
955,120,150,2.892,245,2.977,7,199.453,128,1.849,144
956,100,200,4.298,244,3.14,6,199.621,127,1.484,143
957,120,200,3.069,243,3.171,5,199.546,126,1.469,142
958,140,200,2.252,242,3.524,4,199.624,125,2.113,141
959,100,100,5.179,241,3.543,3,199.605,124,2.141,140
960,80,250,4.14,240,3.477,2,199.374,123,1.933,139
961,100,250,3.77,239,3.191,1,199.362,122,2.236,138
962,140,100,3.87,238,0.44,180,199.42,121,2.136,137
963,80,250,3.839,237,0.353,179,199.38,120,2.053,136
964,140,250,2.2,236,0.677,178,199.551,119,1.664,135
965,120,200,2.848,235,0.739,177,199.5,118,2.335,134
966,120,150,4.039,234,0.716,176,199.564,117,2.047,133
967,100,150,3.926,233,0.354,175,199.483,116,1.826,132
968,140,250,2.653,232,0.0,174,199.453,115,1.766,131
969,80,100,7.297,231,0.154,173,199.541,114,2.007,130
970,100,250,3.115,230,0.793,172,199.457,113,1.536,129
971,100,250,3.282,229,0.429,171,199.406,112,2.139,128
972,100,200,3.626,228,0.361,170,199.535,111,1.736,127
973,100,150,3.986,227,0.841,169,199.387,110,2.077,126
974,80,200,5.249,226,0.767,168,199.333,109,1.864,125
975,80,100,6.5,225,0.52,167,199.268,108,1.939,124
976,80,250,3.691,224,0.458,166,199.41,107,1.826,123
977,120,150,3.498,223,0.492,165,199.451,106,1.985,122
978,100,100,4.629,222,0.566,164,199.31,105,2.509,121
979,120,250,2.616,221,0.843,163,199.434,104,2.393,120
980,120,200,2.881,220,0.61,162,199.093,103,2.146,119
981,120,200,2.896,219,0.673,161,199.272,102,2.061,118
982,120,100,5.319,218,0.764,160,199.26,101,2.289,117
983,120,250,2.846,217,0.298,159,199.178,100,2.371,116
984,120,200,3.242,216,0.686,158,199.476,99,1.892,115
985,120,250,2.361,215,0.479,157,199.218,98,2.091,114
986,120,250,2.665,214,0.037,156,199.17,97,1.665,113
987,100,100,5.762,213,0.118,155,199.2,96,2.412,112
988,80,100,6.752,212,0.343,154,198.983,95,2.659,111
989,140,250,2.552,211,0.656,153,199.093,94,2.173,110
990,100,200,3.555,210,0.576,152,199.253,93,1.633,109
991,120,150,3.591,209,0.594,151,199.078,92,2.327,108
992,80,150,5.796,208,0.951,150,199.043,91,1.959,107
993,100,200,4.085,207,0.311,149,199.242,90,2.03,106
994,120,250,2.697,206,0.563,148,199.23,89,2.364,105
995,120,100,4.427,205,0.634,147,199.133,88,2.282,104
996,120,200,3.145,204,0.43,146,199.02,87,2.107,103
997,100,250,3.37,203,0.588,145,199.027,86,2.078,102
998,140,150,3.21,202,0.267,144,198.955,85,2.282,101
999,120,150,3.811,201,0.873,143,198.92,84,2.16,100
