Noise_HU,Uniformity_HU,Scaling_V_mm,HU_Precision,RUL_Tube,RUL_Gantry,RUL_Table,RUL_Generator
5.6535,0.8989,330.3215,0.2278,894,1104,1380,973
6.4527,1.6432,329.6383,0.372,539,738,1033,636
8.5863,2.6764,330.6998,0.8275,42,258,615,205
5.5737,1.0122,329.7424,0.2649,704,927,1231,814
5.5119,1.3678,329.7244,0.0,893,1079,1380,979
5.3418,0.66,329.2497,0.056,907,1160,1388,1017
8.693,2.3845,329.846,0.2961,232,435,804,348
5.1043,1.043,330.4717,0.1298,964,1180,1482,1079
6.7539,2.3356,331.6082,1.0844,339,510,837,441
5.2455,1.2337,331.0192,0.0106,870,1081,1329,984
6.3008,2.3356,329.878,0.5408,497,653,1026,602
5.3135,1.4713,329.6183,0.3843,773,945,1276,868
6.2353,1.8707,331.5858,0.586,647,830,1112,733
7.2078,1.7713,329.5217,0.4051,493,694,1034,603
4.4896,1.1982,330.2091,0.0,914,1113,1395,999
5.1976,2.0535,328.8674,0.4254,627,758,1094,695
5.0853,1.1505,330.1741,0.1247,896,1103,1393,997
10.1768,2.7804,331.837,0.8019,9,248,581,142
7.7136,2.5222,331.3063,0.6363,288,462,797,395
5.1735,1.1116,329.565,0.1587,861,1043,1354,956
8.6961,1.8897,329.1408,0.7334,253,477,803,389
6.3351,1.6671,329.7425,0.372,639,861,1184,752
8.4534,2.7357,328.8054,0.7255,140,341,692,281
6.4361,1.4157,329.3879,0.4199,631,843,1128,731
7.0801,2.116,329.4666,0.434,471,652,994,577
5.9951,1.9614,331.1681,0.5414,557,737,1056,670
7.8543,2.1553,329.3727,0.6795,113,312,672,248
7.3684,1.5827,331.0681,0.3996,548,794,1094,658
5.5469,1.3028,330.7276,0.0,775,987,1290,902
9.325,2.8741,330.6816,0.881,0,147,509,81
5.8349,1.4034,329.8962,0.3895,713,893,1236,800
5.6905,1.1606,329.4794,0.0,832,1016,1333,921
8.0643,2.2523,329.6005,0.395,460,693,1041,594
6.327,1.6045,329.7032,0.0,650,864,1182,780
4.311,0.903,328.5268,0.0,972,1191,1406,1073
5.6933,1.4958,330.5477,0.0307,724,921,1244,821
8.7705,2.6014,329.2889,0.7674,180,355,732,283
8.4886,2.7223,329.3797,0.9227,72,278,629,185
7.7261,2.0789,329.9685,0.5488,381,590,945,510
5.7096,1.818,330.5734,0.3975,500,686,1032,623
4.6751,0.9836,330.7578,0.0,948,1139,1412,1045
7.3641,1.9004,329.801,0.6532,437,624,977,540
8.5401,2.4298,330.3024,0.7236,241,458,799,357
6.4658,1.7512,330.3561,0.4082,484,676,1001,604
7.2436,2.4767,328.1704,0.9577,248,432,733,365
9.2446,3.2326,330.5239,1.365,0,121,487,45
7.8473,2.6291,329.0275,0.5329,146,339,693,285
5.3705,1.3041,330.0841,0.2935,787,1000,1332,894
9.2817,2.6544,328.6678,1.575,0,173,527,69
7.2704,2.6876,330.0629,0.742,251,421,801,380
9.6872,2.68,328.0992,0.9801,0,160,482,59
7.2314,2.2937,330.2638,0.5509,380,571,944,503
9.4152,2.8777,331.8504,0.973,21,212,574,167
6.4075,2.0846,329.5696,0.717,390,582,922,496
5.2064,1.4334,330.7128,0.0,745,947,1232,841
8.9133,2.2949,330.381,0.8257,91,318,671,212
6.6204,2.074,329.7173,0.0501,453,660,974,574
5.0677,1.384,329.5195,0.0881,858,1033,1361,959
6.9203,1.7502,330.4354,0.3035,460,694,1007,585
8.6691,2.6048,328.1849,0.8858,96,303,628,209
7.3912,2.2996,330.1427,0.3147,305,505,859,422
4.6746,1.1569,329.6868,0.0,984,1168,1471,1090
8.3087,2.6808,328.4995,1.0333,91,270,608,195
5.6671,1.0067,328.7722,0.0307,818,1021,1298,915
5.8076,1.44,329.8718,0.0,704,912,1204,815
6.5125,1.8189,329.6359,0.4385,575,777,1109,706
8.785,2.3683,329.7895,0.4827,316,520,904,456
5.5214,1.5065,329.7598,0.2778,661,838,1169,768
5.2593,1.4635,330.393,0.0,972,1167,1464,1079
4.3753,1.1031,331.0057,0.6359,763,959,1221,857
7.3408,2.4393,329.3551,0.4644,172,342,703,279
5.6047,1.6734,330.04,0.9117,633,809,1156,730
6.7312,2.0879,330.6365,0.4859,408,588,936,495
9.0869,2.5476,330.5681,0.9337,1,244,603,145
6.3399,1.7676,329.2489,0.224,630,817,1148,735
4.8276,1.2562,330.4326,0.0,902,1087,1397,1007
6.2551,1.7416,329.5645,0.209,598,799,1109,709
9.5389,2.9764,331.5575,1.0753,0,152,518,78
7.1866,1.8232,329.3248,0.1718,500,701,1022,614
5.9717,1.5305,329.4024,0.4998,548,766,1058,665
6.8591,1.8727,329.2087,0.0711,451,657,975,578
8.3402,2.5814,330.2149,0.8297,149,342,719,259
9.4527,2.9165,331.3492,1.1118,0,146,531,87
4.2837,1.0763,331.0589,0.0,969,1175,1439,1074
5.4804,1.5197,330.0139,0.3407,778,980,1306,874
4.915,1.0438,329.5798,0.0903,895,1114,1412,1023
8.8028,2.8673,328.6963,1.2507,0,179,529,109
6.9408,2.2364,330.2211,0.39,409,575,933,506
8.9044,2.725,331.6959,1.4342,44,247,577,164
6.3698,1.5253,330.0278,0.0,573,776,1096,675
4.7552,0.8097,329.7064,0.0,992,1196,1478,1100
5.9184,1.9442,328.9908,0.0493,588,771,1089,702
7.1497,2.4085,330.7118,0.9352,379,573,898,481
4.9104,1.4451,329.8614,0.0527,893,1067,1385,991
8.7619,2.5884,330.2024,0.7367,142,342,710,255
8.1348,2.4014,328.7326,0.9096,120,320,635,218
6.9973,1.9507,331.2425,0.475,487,669,984,598
8.1364,2.7165,330.7184,0.5832,222,412,771,349
7.3282,1.9257,329.6498,0.1497,541,752,1071,667
7.6415,2.4165,330.7818,0.7627,207,385,745,324
6.9464,2.2357,331.2523,0.6308,396,585,895,507
4.8363,1.0681,329.3164,0.3001,824,1036,1310,937
4.6701,1.2629,330.0028,0.5835,786,989,1307,880
10.1673,2.6972,328.9585,0.5222,0,159,523,79
8.8542,3.0839,330.1344,0.9815,0,122,485,32
5.4368,1.6808,329.2729,0.5073,720,908,1228,817
9.4679,2.6932,331.3853,0.8371,38,253,590,169
7.6984,2.4554,331.1951,0.3474,136,313,641,245
6.2282,1.5361,330.7385,0.0118,695,920,1197,809
6.0685,1.8127,330.1605,0.5207,520,712,1040,617
7.4283,1.7628,329.3062,0.5194,469,688,1041,591
7.0451,2.5198,328.38,0.8605,221,407,706,333
4.8783,1.3504,330.215,0.0948,740,943,1217,847
7.7325,2.0887,329.8473,0.753,233,460,797,340
6.4609,1.3212,330.247,0.1058,655,884,1204,778
8.1045,2.1273,330.078,0.776,209,414,774,324
7.9271,2.4875,329.4921,0.7296,220,397,772,327
8.913,2.5261,331.5264,0.5838,157,378,692,294
7.2626,1.6941,330.2368,0.6486,598,835,1144,735
9.2261,2.8735,329.9945,0.5369,21,223,623,155
4.4486,1.3424,330.4824,0.0237,952,1129,1454,1029
8.2459,2.4635,328.3071,0.6224,129,315,664,254
8.4608,2.9233,329.1641,1.2878,0,197,561,111
5.6304,1.1161,330.2617,0.3357,752,962,1263,862
7.5002,2.8017,330.9251,0.6331,192,350,714,296
5.7109,1.125,330.9521,0.1311,789,1009,1270,890
7.3978,1.616,329.396,0.7513,572,790,1124,667
7.3188,1.8645,329.4666,0.3027,455,665,979,568
4.4654,0.7747,329.9687,0.0,960,1161,1449,1055
5.5435,1.3185,329.1719,0.2142,822,1024,1301,946
5.3803,1.0708,329.4091,0.0767,962,1192,1469,1088
9.3452,2.5861,330.3894,0.9452,87,321,676,207
4.3181,0.82,329.5142,0.1985,931,1140,1439,1018
9.0351,3.1087,329.09,1.2101,44,222,626,173
8.6109,2.7858,330.5365,0.4944,96,264,636,226
7.5033,2.5668,329.639,0.2794,422,620,979,549
6.4068,1.525,329.9817,0.4754,630,823,1141,728
3.9551,1.4476,330.1629,0.0,876,1048,1358,973
7.561,2.4499,329.1479,0.3557,281,494,828,423
6.9543,1.8839,330.6132,0.8442,472,679,997,588
4.0928,1.4062,330.4556,0.0,942,1116,1437,1055
5.4805,1.1949,330.0848,0.0677,842,1060,1386,937
6.228,1.9238,331.4275,0.4861,466,672,955,578
7.0608,1.4897,329.8991,0.8538,350,577,897,460
7.1257,1.8638,331.2502,0.0172,557,779,1069,685
7.4281,2.0829,328.0798,0.7571,268,469,761,383
6.877,1.7259,329.6303,0.2399,540,736,1074,657
5.0632,1.3708,329.55,0.4135,712,895,1182,805
7.4307,1.6828,329.5595,0.1966,560,776,1112,699
8.2077,2.6328,328.8255,1.0865,163,351,715,284
6.9927,1.9802,329.7091,0.3088,461,693,978,580
5.7395,1.6019,329.3258,0.0,732,950,1235,853
5.0038,1.3331,330.1617,0.0,964,1142,1449,1045
3.8754,0.9802,329.6411,0.0,1000,1184,1468,1082
5.1673,1.1723,329.8838,0.3505,857,1048,1373,958
5.1706,1.5915,330.0193,0.0,787,962,1309,882
7.8502,2.8854,330.8784,0.5913,91,265,614,224
8.8886,2.7061,329.748,0.9711,129,336,705,256
8.9689,2.6676,330.4442,0.654,0,174,546,103
4.7813,1.1485,329.9276,0.0,962,1157,1465,1058
4.8249,1.1159,330.4914,0.0153,959,1145,1438,1041
6.8426,2.2145,330.6826,0.5455,451,652,961,556
7.5175,1.6974,329.8068,0.256,530,746,1082,663
7.3414,1.8127,331.127,0.3876,365,572,900,497
7.356,2.592,329.0699,0.794,209,395,737,342
8.3198,2.0963,328.8876,0.6248,123,352,660,239
5.2399,1.0497,330.19,0.0,876,1105,1416,997
8.1813,2.1614,329.2423,0.9286,236,461,818,356
8.3111,2.536,329.6901,0.9686,63,249,593,171
8.5897,2.3002,330.9099,1.0785,185,416,749,300
8.5486,3.2155,330.6743,1.1428,0,111,528,41
7.8021,2.2561,330.7152,0.2924,371,588,938,521
8.6403,2.8697,328.5887,0.9793,0,137,497,67
8.0769,2.7027,331.2115,0.5349,180,367,741,320
8.0923,2.0115,329.9134,0.2817,309,546,888,441
9.2698,2.6443,331.553,0.8526,0,160,519,77
7.2133,2.0947,330.6214,0.6573,486,701,1017,578
8.0193,2.3999,330.5597,0.697,294,483,843,420
8.9831,2.4439,329.6137,0.4898,132,362,725,262
5.0511,0.7809,330.2517,0.0,982,1200,1498,1089
5.3581,1.7259,330.8822,0.1884,760,939,1251,873
7.3265,1.66,330.1585,0.1642,432,660,987,555
7.5667,2.4123,329.4101,0.9086,177,364,693,280
6.456,1.8397,329.9611,0.3513,571,752,1097,680
9.2592,3.1004,330.5992,0.5919,32,214,623,172
8.5369,2.6646,329.1702,0.5046,137,312,686,251
6.6833,1.8801,330.9329,0.6121,558,776,1068,675
5.4234,1.2981,329.5658,0.1298,787,983,1258,881
5.1345,1.1417,329.7995,0.2521,977,1170,1478,1066
8.7448,2.7351,331.7812,1.1714,48,264,600,186
7.0323,1.7883,329.3949,0.7575,412,600,923,508
9.3983,2.9406,328.7916,0.7843,7,192,555,129
6.0974,2.1141,329.9283,0.0,517,691,1030,628
8.2005,2.5407,330.6619,0.7526,237,449,794,353
6.8488,2.1547,329.8792,0.9923,382,573,937,480
9.454,2.5348,331.3835,0.8559,45,241,592,170
8.0795,2.0222,330.3685,0.344,193,406,759,308
5.7675,1.5114,329.7818,0.105,731,931,1264,859
7.5213,2.3424,330.5289,0.5263,380,573,907,484
4.0102,1.3891,330.2101,0.0,918,1077,1413,1010
8.6697,2.9612,329.8035,0.3862,19,199,598,154
8.6868,2.4512,330.5655,0.7134,181,380,735,311
7.3539,2.1855,330.0784,0.327,460,658,1034,579
6.6715,1.9968,330.2267,0.7605,566,730,1085,654
4.9753,1.3755,329.2744,0.2502,758,955,1224,853
8.5328,2.6313,331.2083,0.8419,180,362,707,288
8.1267,2.2008,330.2733,0.6302,268,454,826,406
5.3735,1.448,329.6427,0.1887,805,1015,1311,913
7.8116,1.8202,330.379,0.2095,419,623,943,539
4.3333,0.8256,330.0894,0.0,972,1187,1459,1072
6.8651,2.2596,329.9767,0.7417,433,592,971,516
4.0527,1.5055,329.9733,0.2009,854,1009,1339,948
9.1499,2.8027,330.7749,0.7583,80,273,645,199
8.1469,2.4136,331.1817,0.7952,232,437,757,338
4.8691,1.0057,329.8407,0.3432,757,943,1267,857
4.0457,1.155,329.8764,0.4832,915,1111,1396,1006
8.0387,2.6808,329.7029,0.8276,142,315,703,248
7.7818,2.0471,329.6877,0.3645,355,552,933,485
7.7548,2.2195,329.0858,0.6579,259,450,789,382
6.8776,2.4009,329.7995,0.6775,382,579,940,507
6.8619,2.1339,329.5824,0.7721,384,552,902,488
8.7345,2.995,328.2587,0.629,0,154,489,87
6.7582,2.4448,330.5387,0.6957,307,485,857,427
7.8713,2.3897,331.3845,0.6155,123,332,672,259
4.0997,1.0926,330.3254,0.0,986,1152,1468,1075
7.9363,2.5019,328.3692,0.7882,312,490,808,428
7.1921,2.4738,330.6552,0.7042,384,567,916,512
5.7822,1.686,330.1794,0.2034,646,815,1176,742
9.6399,2.5464,328.5661,0.7654,93,322,664,244
8.9531,2.9678,329.2105,0.8498,0,153,525,77
6.7336,1.7087,330.0841,0.9083,629,831,1169,735
8.5056,2.5554,329.1182,0.6947,266,480,827,408
6.24,1.8107,330.567,0.3371,453,651,981,563
6.272,1.638,330.0341,0.6114,613,831,1133,722
6.6012,1.7206,329.5759,0.7435,474,704,996,574
5.3505,1.2576,329.9333,0.5883,749,961,1259,843
5.7227,1.4533,329.5418,0.6066,775,989,1299,874
5.3086,1.61,330.2725,0.3655,761,947,1248,876
6.172,1.6381,330.1633,0.314,572,798,1112,680
6.2959,1.9064,329.5217,0.3355,588,783,1097,720
5.7233,1.7863,330.0915,0.2236,702,893,1204,805
8.6982,3.3009,329.7423,0.8762,0,123,550,79
8.058,2.2779,331.4107,0.88,296,490,826,421
8.1593,2.126,330.8872,0.6271,291,510,835,418
9.5318,2.7435,330.4433,1.1663,0,135,516,43
8.0317,2.2676,331.059,0.8793,179,408,706,303
5.4374,1.766,329.3074,0.0383,724,911,1225,837
5.9382,1.413,329.4705,0.0146,599,814,1139,737
9.2237,2.6615,329.4825,0.4617,202,416,783,338
7.2439,1.7363,330.0526,0.3697,490,706,1069,605
6.1299,1.683,329.8368,0.4369,575,772,1061,676
7.8223,2.2657,329.5849,0.5183,296,485,841,417
5.9037,1.4933,331.2506,0.4576,659,842,1129,761
8.1719,2.5384,331.2976,0.5705,249,445,782,385
5.8917,1.8107,330.1296,0.2754,742,932,1272,874
9.1318,2.5045,329.6716,0.8415,96,293,699,214
5.2397,1.3796,330.5519,0.5799,750,953,1249,840
7.9674,2.3333,330.908,0.488,256,464,788,367
6.9407,2.4342,331.1123,1.1047,291,454,815,379
8.7413,2.9173,328.3418,0.8551,0,139,475,71
9.0721,2.9295,329.2737,0.558,87,271,674,204
5.8897,1.9753,329.5865,0.3296,591,777,1122,716
7.4345,2.1049,329.3685,1.319,262,472,819,367
7.5309,2.3182,329.1623,0.786,323,526,845,457
7.2024,2.2461,330.7312,0.5916,483,671,1030,569
5.1296,1.365,329.823,0.391,747,939,1254,850
6.2146,2.3231,330.4241,0.5371,268,455,796,370
4.6249,1.1184,329.5611,0.1772,889,1087,1366,994
9.2478,2.5566,329.603,0.8295,74,301,646,220
7.1516,1.6583,329.4981,0.8578,447,663,974,541
7.3669,1.6163,330.2106,0.4193,497,717,1053,628
6.7491,2.1415,329.2503,0.4873,373,591,890,513
5.0153,1.8367,329.7349,0.034,714,879,1222,829
7.2763,1.8953,331.3201,0.537,444,647,964,557
8.65,2.4834,328.5757,0.8646,106,330,658,239
6.5778,2.1103,330.7228,0.1447,558,758,1098,698
6.8965,1.5503,329.8499,0.4766,558,798,1098,671
5.2708,0.8918,329.4465,0.1586,875,1090,1352,986
7.7628,2.0583,331.3454,0.8147,325,522,860,440
7.9775,2.1154,330.8936,0.8665,304,523,843,425
9.5062,2.5525,330.6971,0.9699,0,173,527,84
5.3287,1.1344,329.1503,0.0,892,1140,1392,1001
8.4943,2.5857,330.8126,0.5319,225,413,785,338
5.8258,0.9668,330.0896,0.4644,868,1087,1407,964
4.1804,1.0195,329.4836,0.0341,1000,1190,1500,1100
7.9453,2.3612,328.8372,0.9902,281,489,796,395
5.4098,1.4213,330.6533,0.3187,773,958,1257,866
6.9082,2.1671,328.4572,0.7157,386,567,872,490
8.4252,2.7475,331.0111,1.0417,67,263,626,179
9.7275,2.8295,328.9103,0.7514,0,110,471,40
8.3841,2.7697,330.9836,0.7964,182,389,742,316
5.8202,1.6976,329.6288,0.0,732,934,1260,856
6.3071,2.006,329.7626,0.327,585,784,1096,702
6.5117,2.0067,329.2266,0.53,560,750,1064,670
8.0939,1.959,329.3384,0.4319,288,527,824,416
4.4003,1.4432,330.1155,0.2409,877,1049,1352,969
4.7723,1.2351,330.1274,0.0,949,1128,1426,1061
7.96,2.0587,330.8732,0.9117,235,461,778,370
8.5217,2.415,330.265,0.5961,190,386,749,313
7.1799,2.3974,329.0337,0.4656,257,458,804,392
8.7926,2.7509,330.4223,0.4219,204,405,782,340
6.6818,1.9749,329.4468,0.2991,538,736,1073,662
5.8633,1.3191,330.4333,0.0,730,951,1255,842
8.4743,3.0091,328.9879,0.7253,76,263,633,225
6.959,1.8848,329.8662,0.6579,509,698,1048,622
5.534,1.3528,330.0688,0.1643,751,1015,1322,870
6.0195,1.3006,330.8563,0.0,791,995,1302,903
4.3893,0.9193,329.4914,0.1673,879,1091,1364,972
6.5878,1.778,330.5864,0.4276,558,746,1083,658
8.5343,2.6315,329.4416,1.1573,141,354,720,264
5.8718,1.5089,330.8099,0.4511,682,873,1180,781
5.6927,1.6421,331.0125,0.3401,710,860,1192,811
8.4985,2.4991,331.3223,1.017,82,286,630,191
9.0023,2.7378,330.8277,0.8561,32,229,583,157
6.64,2.2813,331.2178,0.5939,341,524,834,475
5.9675,1.4319,330.3243,0.5288,773,983,1268,876
9.1649,2.6409,329.5642,0.6539,0,134,516,57
9.0939,2.7242,331.5059,1.0996,8,208,529,131
7.2336,2.3555,329.9646,0.4878,436,623,994,557
7.9921,2.4035,331.1482,0.6927,169,378,700,311
5.1495,1.2892,330.0521,0.0324,837,1040,1341,948
6.5224,2.1986,329.4611,0.6387,352,523,867,464
5.8661,1.7136,329.8635,0.1913,780,970,1298,888
5.655,1.5041,330.1665,0.0401,865,1048,1356,961
4.5795,1.5335,330.9478,0.0455,811,983,1278,911
5.9218,1.4554,329.6418,0.0,635,857,1163,760
6.2001,1.9978,328.6758,0.3182,504,689,982,603
6.1511,1.8096,328.6854,0.2455,633,804,1129,727
8.6743,2.4003,329.7646,0.8002,133,372,702,284
8.2887,2.1439,328.9543,1.0516,257,471,807,390
8.8759,2.867,329.3031,0.6398,154,333,731,275
9.9253,2.8478,328.9886,0.7493,0,160,499,76
9.0438,3.185,330.4878,0.7881,0,177,553,115
5.9365,2.0034,330.0237,0.4327,571,742,1098,678
6.1677,1.7716,329.5913,0.4627,629,820,1133,735
9.6266,3.0145,330.8431,1.1077,0,125,511,68
6.4364,1.7399,329.6064,0.6755,449,643,984,558
6.0601,1.3334,330.5064,0.3398,827,1048,1333,930
5.6839,1.5774,329.3735,0.0912,827,1027,1343,929
8.7117,2.8623,331.2995,1.2736,61,255,602,174
7.6946,2.4509,331.4349,0.639,242,428,739,343
8.2604,2.9804,330.1059,0.8409,98,261,691,213
6.9771,1.939,330.6271,0.7472,452,653,984,567
9.0253,2.7321,330.7755,1.0413,0,188,559,112
9.6503,2.9008,329.4146,0.4868,0,152,538,88
7.5235,2.4313,328.7527,0.6401,290,478,819,409
7.5028,1.7564,331.3645,0.7224,373,626,907,506
6.1705,1.731,329.5331,0.0683,626,821,1153,756
8.9898,2.9041,330.7489,1.0211,38,240,577,171
7.585,2.2261,329.5771,0.718,294,498,852,426
8.7439,2.7774,330.4348,1.0148,148,326,707,260
9.7963,3.1022,330.5653,0.8486,0,91,499,41
9.49,3.3323,331.0631,1.1512,0,133,522,81
7.1638,1.7939,330.5109,0.5039,475,702,1017,584
8.7528,3.0561,329.058,1.2982,0,145,502,78
5.4116,1.0965,330.5793,0.7072,834,1045,1319,917
7.1946,1.5049,330.2168,0.7217,533,745,1083,653
9.6907,2.5709,329.1708,1.0851,0,125,488,30
5.4696,1.7017,330.0437,0.7612,665,871,1192,786
7.5251,2.2568,330.1853,0.7307,334,534,893,446
5.9975,1.4282,329.5956,0.0804,717,922,1222,830
7.9363,2.1713,328.9876,0.7551,156,358,717,278
4.5359,1.1479,329.6326,0.2953,856,1045,1360,945
6.067,1.6908,330.9277,0.5102,631,810,1130,732
7.2446,2.4046,330.4959,0.3979,319,503,868,438
7.3479,2.1387,329.0975,0.3523,381,570,894,473
8.1043,2.8104,329.134,0.8117,46,240,604,156
4.7874,0.9268,330.0511,0.1079,989,1200,1500,1085
8.6627,3.1418,330.3026,1.0285,30,211,591,133
6.5129,1.4024,330.1538,0.3313,649,869,1177,775
5.6266,1.3662,329.5777,0.0861,718,914,1228,836
7.7423,2.2035,330.5649,0.9984,276,503,818,397
6.6735,2.0125,329.9108,0.2376,495,701,1054,637
4.3359,0.8642,330.1043,0.2965,968,1163,1475,1069
6.5311,1.3451,330.773,0.3068,796,1028,1328,920
4.2921,1.049,330.0022,0.2641,1000,1197,1500,1076
6.1718,1.3251,331.12,0.1431,720,952,1228,848
4.4432,1.262,329.6716,0.0695,894,1081,1399,1003
7.9761,2.1144,330.2732,0.669,272,481,819,390
8.8144,2.4066,331.0887,0.7197,110,317,649,241
5.5229,1.4339,330.475,0.2521,775,973,1261,878
4.8645,0.928,329.4406,0.4458,857,1085,1360,947
6.3833,1.377,329.4985,0.1436,547,775,1077,667
5.0534,1.4086,329.5436,0.0196,832,1018,1310,961
5.966,1.3158,330.1244,0.0,917,1156,1435,1028
5.0837,1.1446,330.124,0.1001,850,1075,1398,956
8.1224,2.2104,330.0007,0.6449,245,475,832,374
9.9858,3.0391,329.0268,1.0735,0,184,561,90
7.1968,2.0249,330.0604,0.6337,317,523,872,440
7.4488,1.8993,330.4284,0.6466,354,566,898,455
7.4854,2.3895,329.8392,0.7037,311,478,871,420
9.2919,2.9358,329.1473,1.0161,0,125,510,64
6.5055,2.051,330.4459,0.5597,541,731,1054,658
6.2391,1.4139,329.6825,0.3965,541,731,1078,653
5.1127,0.9259,329.3151,0.4323,889,1101,1389,972
8.2237,2.7049,331.7668,1.3593,79,270,593,186
6.2594,1.5895,329.8864,0.3942,700,925,1237,817
5.9417,1.6214,329.4391,0.2716,744,948,1248,863
4.8083,1.257,329.6731,0.2359,889,1085,1400,988
6.8225,2.0509,330.0652,0.2888,453,654,983,557
6.9978,1.8661,329.8453,0.508,481,695,1031,599
4.5907,1.5142,330.1092,0.0,898,1078,1396,1003
6.166,1.0834,329.7152,0.254,818,1042,1336,937
8.979,2.7918,329.6583,0.7147,56,251,620,186
9.2616,2.6284,328.8052,0.844,0,202,539,126
9.3157,2.897,331.1026,0.5206,10,221,580,157
8.5953,2.5466,330.2914,0.6424,39,251,602,169
6.7295,1.8228,330.8,0.408,607,818,1144,726
8.0823,2.4324,329.1752,0.5312,221,436,771,350
9.0801,2.9909,330.8254,1.0338,81,276,663,209
5.211,1.2678,330.9894,0.0,818,1015,1300,935
8.7536,2.523,330.4257,0.8097,207,404,781,322
9.4807,2.7561,329.8777,0.8036,0,147,538,81
8.9913,2.3024,330.4743,0.7571,216,464,836,350
9.2902,3.0111,329.3408,0.688,0,95,465,47
5.4023,1.0146,329.8737,0.0694,819,1038,1365,919
6.8792,1.8745,329.901,0.4098,368,586,916,496
8.2354,2.72,329.4073,0.9766,127,306,684,250
6.7943,1.7648,329.923,0.4895,547,768,1093,673
6.4447,1.4334,329.0661,0.0295,692,892,1177,806
10.0575,2.4826,330.6615,0.7744,73,313,658,212
9.0267,2.6903,331.5154,0.7605,0,206,535,119
6.5484,2.0285,330.8031,0.6931,455,645,975,562
9.3517,2.879,328.9074,1.1493,4,211,585,149
5.8911,1.3636,330.0922,0.1027,564,795,1108,694
5.4521,1.5506,330.8401,0.2993,847,1035,1343,939
5.2189,1.6563,329.0825,0.0293,789,982,1283,884
6.6058,1.3339,329.5704,0.3494,550,797,1066,660
8.2405,2.4952,329.9067,0.6455,294,476,838,407
4.6046,1.275,330.6894,0.3953,971,1171,1429,1069
8.4014,2.3741,329.3094,0.4862,254,441,787,356
7.2316,1.6586,330.5481,0.6259,493,728,1002,612
8.3378,3.111,330.4304,0.7197,0,137,524,94
8.4592,2.7158,328.8213,0.6339,31,239,566,169
6.0641,2.0478,331.3433,0.4747,495,685,996,609
7.3709,2.1918,329.4306,0.3783,563,762,1114,694
4.5523,1.0924,329.8622,0.0,978,1175,1471,1075
9.1354,2.3146,332.0681,0.9809,145,399,666,266
7.0285,2.2709,329.2505,0.2412,285,464,805,396
4.3986,0.9161,329.2758,0.0078,965,1163,1445,1056
6.0452,1.5447,329.912,0.4945,744,932,1278,848
6.4096,1.5668,329.5496,0.8058,588,823,1143,702
7.5764,2.0294,329.6215,0.4894,378,581,940,495
6.0581,1.6171,329.4962,0.1504,542,744,1049,658
9.0634,2.5236,330.3328,1.0331,126,342,711,253
6.2985,1.5994,330.5604,0.455,674,899,1192,773
4.8308,0.515,329.4885,0.0,973,1200,1474,1071
5.2822,1.5019,329.8373,0.1019,751,947,1272,874
6.0419,1.5429,329.3242,0.1325,691,889,1211,808
8.3393,2.441,330.6731,0.7281,138,324,675,247
6.7148,2.6217,330.1528,0.6712,340,504,872,458
5.8898,1.7577,331.3366,0.1698,701,889,1172,814
8.8116,2.5367,330.5323,0.7901,33,246,602,156
9.8262,3.0856,331.3028,1.0873,0,125,504,66
5.7828,2.2089,329.3583,0.1835,499,657,991,608
6.8776,1.9304,329.8728,0.3768,501,700,1044,618
8.0622,2.7283,330.9268,0.4928,100,264,658,224
8.7346,2.6977,331.0153,0.8367,94,298,634,222
7.9771,1.8988,329.6213,0.2701,273,504,805,399
7.0316,1.9926,328.1739,0.693,417,633,945,550
7.6336,2.0442,328.8366,0.2831,393,604,901,520
4.8321,1.668,330.2878,0.0,812,980,1295,922
5.2939,1.1627,329.4902,0.0,921,1140,1444,1031
6.701,1.9625,329.5905,0.8532,441,648,976,563
3.8021,1.014,329.387,0.1582,990,1197,1464,1086
5.2188,1.5467,330.1948,0.0,802,986,1324,921
4.5474,1.4011,330.2466,0.0,763,957,1303,887
5.4121,1.1744,330.523,0.0779,815,1057,1348,939
6.7504,1.8969,330.0403,0.9237,477,680,1014,592
5.3418,1.2781,330.827,0.0,947,1140,1442,1057
6.6845,1.8432,329.785,0.1858,572,783,1127,702
6.389,2.0429,329.0887,0.8225,447,643,955,558
4.5708,1.2343,330.5468,0.137,902,1080,1374,993
9.2153,2.6701,331.4561,1.1016,28,234,570,137
8.6435,2.4492,330.4068,0.5986,177,380,740,301
5.2913,0.9393,329.6641,0.0157,953,1159,1449,1051
6.5023,1.499,329.3949,0.5421,686,893,1193,790
6.1952,1.9652,329.5455,0.319,610,803,1150,735
7.1613,1.7764,328.8683,0.7206,446,660,960,568
6.6544,1.4643,329.6774,0.3785,664,886,1180,764
5.2483,1.1091,330.033,0.0,788,1007,1328,906
7.7199,1.9178,330.7414,0.6027,324,549,870,442
4.8266,1.1586,330.1187,0.2943,884,1099,1397,993
7.7195,2.2745,329.0467,0.8329,238,438,784,339
9.4842,3.3363,328.766,0.9839,0,98,486,31
4.7312,1.1734,330.1768,0.0,885,1071,1354,979
5.3845,1.6379,329.442,0.0,791,984,1291,909
5.2425,1.6976,330.7317,0.0,720,919,1209,839
9.305,2.9182,331.6227,0.8779,0,133,466,62
9.3592,3.276,328.7602,0.8516,0,140,535,108
9.1156,3.0177,330.7828,0.6869,0,122,490,54
5.3046,1.6226,330.4617,0.3645,819,1017,1313,921
5.8447,1.7893,330.1935,0.0022,725,901,1226,822
6.3363,1.7269,329.9721,0.0479,647,836,1185,777
5.0682,1.4042,329.8268,0.1446,876,1045,1386,973
5.1279,1.1588,330.7952,0.2118,967,1164,1434,1077
7.4095,2.3551,331.037,1.203,144,346,672,244
9.6389,2.4795,329.5398,0.8505,166,414,760,293
6.8894,2.3448,330.8482,0.881,382,562,909,485
7.5467,2.4432,330.2914,0.3266,365,554,908,495
5.6408,1.4999,329.4464,0.7539,653,853,1155,744
9.1771,2.8478,329.5136,0.4987,48,220,618,166
8.0633,2.4002,329.3782,0.5842,249,438,792,360
8.1296,2.5584,328.6202,0.9031,142,330,667,252
8.1615,2.3212,331.5616,0.304,314,500,827,432
5.853,1.6176,330.202,0.1016,693,894,1200,795
9.4836,2.9923,329.0768,0.7248,0,145,540,105
8.3064,2.9943,329.0102,0.791,77,256,611,199
7.7946,2.4808,330.7613,0.9463,280,478,803,379
10.3067,2.9841,329.2978,0.9644,0,143,544,64
8.1715,2.6489,329.6215,0.5454,287,478,849,408
5.4238,1.53,330.9022,0.0,831,1021,1287,933
6.7205,1.9595,329.1161,0.5824,466,658,999,580
6.4587,1.5266,330.384,0.543,568,768,1118,689
9.5238,2.7724,329.0324,0.645,0,116,491,47
8.6446,2.7546,330.2144,0.7706,138,328,717,250
4.4767,1.0799,330.0589,0.1416,890,1083,1421,995
9.4742,2.6544,329.8663,1.1209,0,185,556,103
5.9152,1.6324,329.8114,0.247,585,781,1103,683
9.3656,2.4825,328.7091,0.6349,93,317,674,235
5.3392,1.6601,329.8224,0.1537,742,932,1275,848
5.5233,1.3187,330.1157,0.4319,794,1012,1317,900
5.1926,0.8015,329.42,0.2468,952,1175,1468,1059
6.7538,1.9582,330.6549,0.4717,473,668,1013,601
8.0753,2.4065,329.3301,0.885,239,435,816,382
9.0076,2.4201,331.0362,0.2843,147,366,720,304
7.4672,2.3052,329.5597,0.6953,414,590,953,512
9.0078,2.6478,330.5404,0.6422,40,249,644,183
7.7426,2.8557,329.5672,1.1704,135,279,663,234
8.6331,2.9594,330.6078,0.7072,0,190,584,121
7.0585,1.9993,328.8572,0.2364,529,735,1083,666
7.405,1.8283,329.5403,0.6365,428,630,978,519
8.9957,2.6737,330.55,0.9588,95,289,655,193
7.3427,1.9994,329.6861,0.4157,431,656,988,544
9.6549,2.5196,330.0974,0.9763,0,239,579,130
8.4893,2.869,330.1899,0.9231,101,300,664,221
4.7352,0.9065,329.8824,0.1136,958,1156,1468,1058
7.4057,2.2461,328.9027,0.6031,259,449,765,388
3.956,0.8353,330.3113,0.12,991,1183,1468,1091
5.2781,1.7802,329.4949,0.6013,652,844,1188,747
7.9324,2.2448,329.4209,0.5299,153,365,705,278
7.8313,2.1456,329.1586,0.343,422,625,976,541
5.7186,2.0069,329.7263,0.4045,577,744,1099,684
7.6132,2.4134,328.941,0.4418,270,466,811,406
8.7084,3.0845,329.6211,0.6103,0,98,515,67
8.6095,2.9159,330.587,1.1006,36,209,602,168
6.9348,1.7501,330.8006,0.0242,472,701,981,605
4.8599,1.5709,329.2256,0.0615,865,1044,1346,949
5.4998,1.09,330.4816,0.2428,886,1117,1393,992
7.032,1.6927,329.1638,0.4063,594,821,1133,726
7.5405,2.5995,329.2976,0.7556,111,276,650,228
8.1535,2.6963,329.7126,0.5795,143,304,690,251
8.1596,2.3444,329.174,0.7948,206,388,751,313
9.8531,2.9294,328.5274,0.7603,0,139,500,66
8.5379,2.4589,331.1014,0.9062,58,274,631,184
4.74,1.3329,329.6295,0.0782,945,1123,1439,1050
7.2416,2.4621,330.4619,0.6942,276,467,825,400
7.2186,2.3355,330.8297,0.5689,254,442,762,358
8.0927,2.0542,330.1063,0.981,360,568,922,476
4.533,1.5069,330.2023,0.2606,823,972,1322,898
6.2843,1.1065,329.8874,0.0683,823,1084,1377,951
5.6076,1.3231,330.5178,0.2019,823,1035,1322,924
6.405,1.8583,330.3382,0.1581,659,863,1165,752
7.6327,1.9757,330.8868,0.4917,357,583,895,482
6.0787,1.7557,330.8803,0.8194,633,822,1144,726
6.216,1.6711,329.5321,0.1505,670,852,1192,767
7.8606,2.3625,329.0535,0.6754,241,436,739,373
8.1815,2.2612,330.272,0.5898,233,440,809,362
8.6682,2.917,329.7673,0.6291,78,253,657,210
7.9348,2.4445,329.2011,0.8662,160,353,682,276
4.3297,0.7436,329.8834,0.0603,962,1156,1438,1048
6.2229,2.0141,330.1404,0.6252,524,702,1068,624
8.0455,1.9837,329.3373,0.7741,309,531,873,438
9.1513,3.1224,327.9617,1.1721,0,98,440,33
4.8589,1.793,329.5103,0.0794,736,908,1220,823
4.9584,1.2299,330.1573,0.1802,931,1137,1440,1044
8.1123,2.3563,330.5376,0.7041,359,549,916,474
7.9815,2.642,331.3463,0.4148,313,509,823,445
4.2183,1.2014,329.6374,0.0,996,1200,1477,1100
4.2166,1.2701,329.9472,0.0,906,1089,1408,1002
5.4079,1.7168,329.3627,0.3289,795,978,1285,897
8.2854,2.897,330.5127,0.906,148,344,701,266
8.3954,3.1058,328.178,1.1621,55,202,559,168
9.7305,2.8836,330.7982,0.9452,0,133,493,44
9.8383,2.4952,329.0911,0.9733,27,253,583,141
6.3561,1.5874,330.2808,0.5465,614,826,1148,718
4.8102,1.2327,331.0288,0.0,956,1141,1415,1053
8.3614,2.7638,331.7827,0.6848,58,232,566,197
9.3087,2.6027,330.4466,0.6774,75,294,667,214
9.1374,2.9821,328.043,0.8651,0,170,505,97
8.3055,2.3438,330.7694,0.6449,89,302,666,239
7.8068,2.3382,330.8433,0.519,284,477,830,402
6.076,1.7597,329.8378,0.4442,702,882,1222,814
6.4146,1.8479,329.2255,0.3497,591,784,1111,716
8.2781,2.4084,331.4263,0.6963,295,481,817,398
5.217,1.5295,329.9762,0.0,880,1053,1401,987
7.703,2.3248,329.6621,0.5457,271,468,823,386
7.9906,2.1854,328.8768,0.7151,279,476,800,385
8.0298,2.5499,329.3155,0.6812,269,461,814,379
4.4468,1.4722,329.7128,0.2746,875,1051,1375,963
9.2247,2.7717,328.8323,1.0903,61,308,648,201
8.2795,2.5399,331.3637,0.6477,139,343,683,258
7.3773,2.2063,329.9086,0.7752,343,543,882,446
5.1607,0.8586,330.207,0.0,919,1142,1426,1037
9.6236,3.1226,328.8724,1.3648,0,148,507,65
5.8746,1.9055,330.5524,0.1877,620,807,1131,747
8.6015,2.2177,329.0892,0.8781,161,391,710,296
6.5848,2.1195,329.9606,0.2556,497,690,1035,613
5.9898,1.3128,329.6461,0.0856,838,1074,1367,967
8.2309,2.4536,329.7498,1.1381,104,303,669,205
8.5697,2.3388,329.1956,0.6265,134,333,682,250
4.739,1.3267,329.4617,0.5668,871,1044,1357,972
7.5713,1.7045,329.9481,0.3909,542,772,1098,675
8.4161,3.178,328.9936,1.1021,18,178,562,125
7.9622,2.4705,329.7861,0.7206,299,492,843,411
4.4175,1.2087,330.1092,0.1484,936,1139,1439,1021
7.4879,2.3706,329.8703,0.3478,315,499,880,419
7.2868,2.2902,331.1531,0.4174,439,631,959,545
8.8623,2.6693,330.5608,0.9892,165,368,736,280
9.3167,2.702,330.8737,0.7321,98,305,656,245
4.2065,0.9939,330.1203,0.1228,918,1103,1408,990
7.8189,2.8864,330.1079,0.3275,300,470,867,411
5.8147,1.0134,329.4778,0.0095,848,1091,1370,973
6.4523,2.0555,330.3267,0.7836,399,590,933,507
7.6572,1.8691,328.9826,0.3435,343,550,867,458
6.934,2.0818,328.7884,0.6304,465,668,984,592
5.8873,1.5022,330.3599,0.2716,744,942,1269,849
8.5338,2.9211,331.6846,0.8368,32,235,569,168
8.2622,2.4442,329.0048,0.84,20,232,562,149
4.8984,1.7646,329.8301,0.1728,738,880,1213,817
5.9282,1.2145,330.2814,0.1076,769,1013,1312,891
10.042,2.9662,331.2926,1.1839,0,97,451,30
8.1663,2.5923,329.2188,0.6166,225,420,775,354
6.4629,1.9443,331.1478,0.8075,522,708,1015,616
6.5885,2.2264,329.0138,0.6399,383,559,877,490
8.7267,2.7378,329.0675,0.6737,144,322,693,262
8.2496,2.8058,329.288,1.0547,64,233,627,176
5.3744,1.4238,330.4425,0.3708,729,922,1224,835
9.0167,2.8907,330.9856,0.6312,0,154,514,83
4.7762,1.1924,329.4358,0.0,916,1119,1412,1007
4.8855,1.1269,331.322,0.1299,838,1059,1317,944
7.7917,2.5092,330.537,0.3383,271,459,830,396
6.3591,1.9257,329.6211,0.8521,535,719,1071,637
9.8307,3.007,329.3124,1.1604,0,115,481,44
5.4405,1.4085,329.5967,0.0823,886,1088,1399,998
8.0343,2.368,330.7245,0.6275,241,430,770,345
6.1513,1.5315,329.3774,0.1641,676,886,1186,794
10.4239,2.8491,329.2348,0.5802,0,130,491,54
5.0087,1.5066,330.081,0.0,771,960,1281,881
4.2233,1.1977,330.2024,0.4482,923,1104,1422,1027
5.0775,0.9587,329.4307,0.3607,947,1172,1440,1038
5.9383,1.1505,329.4925,0.0,855,1089,1377,993
8.1148,2.3661,330.0664,0.9306,170,361,738,287
10.1484,2.773,330.6017,1.0583,0,154,514,71
6.8082,1.558,329.1652,0.5769,496,716,1048,626
5.1746,1.3598,330.0494,0.0,779,977,1293,880
8.5597,2.4816,328.8219,0.5494,17,218,552,124
5.8997,1.3414,329.8585,0.4535,748,972,1277,856
6.4075,1.8235,330.4953,0.0771,494,702,1030,596
6.6956,2.0724,330.1975,0.4014,534,708,1043,628
6.9917,1.477,330.9572,0.2665,613,843,1130,718
7.0966,1.9478,331.1188,0.458,386,609,896,513
8.212,2.1457,329.1624,0.6739,309,505,835,435
5.3327,1.46,329.4653,0.1525,717,880,1187,803
5.498,1.7799,330.1813,0.3321,723,895,1246,825
7.4614,2.2383,329.8913,0.7612,231,409,754,312
6.3165,1.6361,330.1984,0.7757,621,815,1142,710
5.0,1.1104,329.8589,0.0,972,1176,1475,1064
8.3426,2.6982,331.0531,0.7669,164,351,705,289
7.7185,1.966,330.8279,0.6073,410,628,969,521
7.9104,2.1304,330.3847,0.7057,174,386,724,277
8.7927,2.642,328.9568,0.5686,72,277,637,196
4.7313,1.4684,330.1236,0.3504,895,1085,1375,988
8.6858,2.6584,330.4015,0.8684,104,305,688,237
5.6469,1.4053,330.4241,0.0,786,992,1305,910
5.9012,1.2314,330.0826,0.3097,760,967,1261,853
8.4897,2.5769,329.1808,1.2453,2,212,575,123
7.8601,2.5256,329.4345,0.7537,178,351,713,301
7.4379,2.0307,329.1086,0.6576,268,495,836,408
6.5856,2.0383,330.1279,0.7546,522,701,1025,630
7.5786,2.0447,329.1806,0.4129,329,532,871,456
8.694,2.5311,329.482,1.1135,158,353,716,270
5.696,1.2708,329.7765,0.5186,649,853,1165,747
6.2745,1.9512,330.3036,0.3302,433,637,969,561
5.6529,0.7928,330.3898,0.0,960,1191,1474,1065
7.8893,2.1176,330.704,0.686,142,347,700,252
6.5932,1.7784,329.3183,0.0,622,821,1124,731
8.3056,2.8442,330.8852,0.8101,170,359,705,290
5.9107,1.7399,329.7505,0.0812,710,909,1222,828
6.9792,2.1283,329.6524,0.5553,444,630,980,565
9.2426,2.8912,330.9844,0.7288,0,127,487,47
9.207,2.9512,328.7763,1.0796,6,212,575,121
5.0757,1.5628,330.0319,0.3065,825,1017,1352,931
7.4532,1.9754,329.9906,0.3328,486,686,1032,587
9.0392,2.4651,329.7535,0.9229,68,275,649,192
8.1148,2.2261,329.0063,0.6796,270,481,790,388
8.7814,3.1545,330.691,1.2035,10,180,590,131
7.8268,2.3631,329.4999,0.4825,246,451,793,368
7.276,1.683,329.9857,0.6435,272,494,837,386
6.2185,1.4642,328.8957,0.2509,587,784,1071,706
6.7017,2.0031,329.6465,0.553,412,616,942,521
9.7965,3.0632,330.7055,1.0347,0,167,562,102
9.3053,2.8574,328.5933,0.8256,0,148,502,75
8.0352,2.5909,330.9917,0.6172,237,426,771,361
6.5174,1.7468,329.168,0.6192,527,732,1064,654
7.6588,1.8311,330.4747,0.8835,320,548,859,443
7.0674,1.4357,329.2849,0.3657,684,901,1211,795
8.5199,2.737,329.3177,0.8064,91,263,653,213
7.0548,2.2044,330.09,0.5294,375,553,946,477
6.8448,1.581,328.6535,0.5256,543,758,1038,648
4.0721,1.2638,329.8893,0.2126,847,1018,1326,925
8.737,3.2189,331.2693,0.5112,71,259,615,210
4.5241,0.8373,329.7473,0.1565,961,1165,1453,1053
6.7788,2.2421,329.9895,0.3829,385,591,951,516
6.1739,1.1487,330.4945,0.0006,679,901,1214,805
6.507,1.9648,330.8968,0.0623,559,751,1086,679
3.6538,0.8435,330.4343,0.0,1000,1196,1470,1094
7.2067,2.2924,330.789,0.4027,342,527,880,458
4.5609,1.3437,329.748,0.0,687,879,1192,791
9.1316,2.8522,330.4475,0.8253,15,201,598,140
5.9016,1.3223,330.6846,0.1539,727,916,1237,831
6.5934,1.853,330.903,0.468,459,665,994,573
8.5351,2.5944,330.184,0.6272,171,372,737,297
4.0288,0.9819,330.2162,0.3999,955,1160,1452,1049
7.6467,2.5281,329.6004,0.8295,189,401,767,315
8.9486,2.6578,331.2891,0.7481,53,267,627,183
4.6007,1.1915,330.0515,0.0763,910,1112,1410,1009
8.3437,2.639,328.7962,1.0579,160,329,703,263
7.2382,2.138,329.1449,0.7953,332,537,878,434
8.8995,2.6428,328.5754,0.6418,0,194,533,137
9.1614,2.8315,330.9435,0.7741,0,141,509,52
7.1516,2.441,330.4776,0.4446,342,542,879,463
6.7362,1.8572,331.4895,0.3291,533,738,1041,658
4.756,1.059,330.5613,0.0,877,1090,1356,977
7.5878,2.3123,331.1008,0.6228,332,516,850,445
8.6456,2.8977,331.1377,1.0491,24,213,575,127
4.7079,1.494,329.6213,0.3755,801,987,1302,896
9.0812,2.4544,329.0373,0.7596,96,298,653,196
7.2498,1.8635,330.4081,0.1731,449,652,991,578
8.7693,2.1146,330.7191,0.4169,298,524,855,423
6.438,1.9119,330.6866,0.388,462,655,972,568
4.7655,1.2558,330.0744,0.0,915,1115,1421,1028
6.4957,1.8832,330.2667,0.6402,542,740,1082,668
6.8697,1.825,329.3279,0.1391,576,787,1091,691
6.3414,2.1088,328.8847,0.5424,544,723,1026,650
7.5545,2.5938,331.3697,0.3916,213,385,744,329
6.4839,1.5236,330.8268,0.4074,700,908,1199,789
8.1417,2.2832,331.3597,0.7321,172,378,701,281
8.3143,2.2071,330.0455,0.9775,244,464,830,362
6.8461,1.7337,330.7865,0.1667,560,774,1071,675
8.8251,2.9018,329.6439,0.7552,57,220,616,170
6.6928,1.9065,329.3423,0.3819,506,719,1042,611
8.8992,2.7068,331.1635,0.8885,4,195,540,125
5.4474,1.2354,329.5808,0.1218,786,977,1293,902
8.6216,2.4621,330.0265,0.6727,173,400,753,295
7.5418,2.554,330.8707,0.6194,245,426,776,364
5.0444,1.5142,329.4434,0.0,887,1086,1398,1006
6.6757,2.0528,329.7879,0.7457,400,601,916,518
8.8879,2.9451,331.5064,1.5492,0,110,472,50
9.4745,2.7532,331.0971,1.0577,0,116,471,33
3.9949,1.5778,330.1447,0.0,925,1077,1421,1007
8.8453,2.0458,330.6281,0.4561,236,496,804,384
7.2135,2.5583,328.7709,0.7846,276,465,785,391
5.425,1.3049,330.1131,0.2661,798,983,1297,903
8.7591,2.3501,330.9965,0.6781,181,407,743,305
4.2485,0.85,329.972,0.1867,969,1167,1464,1061
7.2437,3.04,331.1794,0.3662,176,336,668,292
6.1175,1.7803,329.4359,0.5188,591,789,1116,702
7.5326,2.3923,330.5307,0.7416,239,434,808,360
5.9818,2.2253,330.9396,0.3248,439,606,950,551
6.0324,1.4258,330.3889,0.0,675,895,1212,805
5.6835,1.4324,329.5781,0.2403,761,954,1274,864
9.4012,2.7433,329.6509,1.1474,31,258,628,157
8.2996,2.6416,330.5276,0.8264,46,232,596,167
7.6854,2.8339,330.4335,0.6265,131,319,687,257
5.6566,1.5003,328.8573,0.3103,704,911,1191,818
8.8558,2.4494,330.603,1.2442,26,261,596,156
5.2657,1.0617,330.7154,0.1473,925,1136,1425,1015
8.1803,2.2398,329.5589,0.7029,335,532,884,450
9.5022,2.5793,328.645,1.1236,18,240,576,143
8.2783,2.2931,330.9475,0.8225,193,413,728,305
6.6047,1.5727,329.2186,0.1848,618,831,1140,736
6.1598,2.0362,330.1407,0.0471,570,755,1111,685
8.0742,2.2986,331.2684,0.5137,241,450,759,372
3.9944,1.3218,331.0395,0.0,994,1171,1460,1084
5.4113,1.229,330.3211,0.3079,814,1014,1312,902
7.5993,2.287,328.9258,0.7707,331,506,826,435
7.3361,1.7008,329.1249,0.4301,537,762,1078,664
6.6055,2.0388,329.6285,0.1903,509,700,1042,635
5.705,1.2403,329.9085,0.5893,743,936,1266,849
9.1885,2.9766,330.015,0.8308,0,176,588,145
4.6476,1.1728,330.4104,0.1957,937,1113,1404,1009
5.4188,1.4,330.3061,0.2739,713,914,1244,822
7.4194,1.8748,330.2864,0.4957,488,707,1036,601
7.9845,2.8968,332.3024,0.9086,141,308,633,254
7.421,2.4616,331.0303,0.5778,224,412,761,353
8.5101,2.3275,330.3996,0.9951,198,395,754,312
6.9939,1.5251,330.2707,0.0671,556,791,1139,681
7.0893,2.2271,328.9983,0.3553,390,580,904,509
8.532,2.7392,329.6477,1.1085,74,277,643,170
7.1663,2.149,329.6513,0.623,450,632,975,536
5.9761,1.4396,330.5252,0.8741,604,813,1128,699
4.8241,1.0515,329.3277,0.1567,857,1063,1340,955
9.3598,2.9974,330.9116,1.2241,16,201,584,145
5.1436,1.2023,329.7145,0.0,912,1141,1412,1040
5.6456,1.3027,330.3588,0.0,871,1098,1375,991
5.8487,1.5975,330.3088,0.5741,566,758,1100,679
4.3688,0.8518,329.344,0.0,975,1187,1439,1086
9.3756,3.0923,330.4564,0.9075,0,142,555,83
8.4872,2.9877,328.6948,1.1234,28,206,555,150
7.1608,1.7183,331.1402,0.5682,480,699,995,597
7.5273,1.7101,331.1296,0.4852,466,691,972,569
7.0283,2.1063,329.2803,0.4742,381,576,914,504
5.2693,1.1401,330.7639,0.1904,853,1038,1327,955
5.9428,1.122,330.0564,0.2584,834,1054,1360,946
8.2396,1.8857,329.2687,0.4358,355,593,891,479
5.0629,0.9823,330.0666,0.1123,948,1152,1450,1072
5.3367,0.9851,330.2504,0.3237,867,1109,1396,982
7.5331,2.1649,330.4143,0.6475,247,443,803,368
4.8846,1.1417,330.0519,0.0546,934,1161,1427,1053
5.7034,1.359,330.5787,0.2818,800,1001,1302,902
9.0648,2.965,330.9988,1.0443,0,173,523,100
6.1876,1.4642,329.6244,0.5727,569,773,1084,674
4.9694,1.446,330.4691,0.0191,759,938,1261,871
6.7961,2.6811,330.9664,0.5272,315,482,856,441
4.1861,1.1895,329.8367,0.0336,869,1058,1350,977
5.5997,1.4889,329.6009,0.0,831,1003,1309,925
5.6438,1.5912,330.3086,0.0,754,965,1282,862
7.9181,2.637,328.471,0.0811,206,385,721,332
5.5043,1.5013,330.1288,0.4731,755,932,1276,840
8.8152,2.7972,329.6062,0.5312,52,273,641,200
7.7027,2.4538,328.5051,0.9703,274,476,812,390
7.5797,2.6271,329.8369,0.8979,200,361,745,292
7.8915,1.9505,331.1107,0.5059,334,577,886,456
4.6921,0.6745,329.999,0.1313,997,1200,1500,1089
4.9979,0.8353,329.296,0.158,916,1124,1403,1019
9.6838,2.852,329.2925,0.7326,0,152,538,80
6.5482,2.1008,330.0033,0.488,468,657,1001,582
9.6669,2.6031,331.1662,0.716,0,230,555,116
5.69,1.6888,329.6536,0.3828,716,906,1220,831
6.0893,1.3575,329.8872,0.086,737,943,1261,864
7.4572,1.9374,329.9327,0.4987,425,625,967,540
4.8456,1.1788,329.5924,0.145,821,1030,1329,935
8.0115,1.927,329.3629,0.6763,280,494,849,399
5.4981,1.3799,330.0384,0.4995,807,1005,1327,906
5.3602,1.6805,329.0243,0.1208,818,999,1292,926
6.4128,1.7715,330.8503,0.6356,570,772,1066,675
9.1821,2.5199,330.0836,1.041,0,189,555,95
8.8763,2.7441,328.7691,1.0777,114,319,661,243
7.954,1.941,329.8483,0.5653,290,522,855,418
5.4802,1.1442,329.386,0.3322,780,998,1308,902
6.334,1.9843,329.5504,0.5041,443,621,966,551
4.8872,1.0806,330.726,0.0,969,1165,1457,1050
5.6818,1.1263,329.5758,0.0,807,1030,1323,931
7.7552,1.7865,329.5717,0.5375,515,735,1049,638
6.7277,1.819,329.4372,0.4413,617,805,1122,741
6.7854,2.4644,329.0209,0.388,301,468,829,415
7.0142,2.2403,329.5419,0.5391,451,642,1011,567
7.2257,2.1099,329.8506,0.4647,588,789,1135,696
8.9718,2.826,331.2478,0.8251,79,293,638,214
6.3693,1.6387,329.5482,0.4868,626,825,1134,735
7.4451,2.1699,329.6439,0.6175,452,635,1002,560
7.4688,2.4053,329.1811,0.649,288,470,831,403
7.289,2.1213,330.8803,0.4078,418,623,955,544
6.0048,1.6874,330.3907,0.5345,646,847,1168,754
5.5702,1.2496,329.2232,0.3086,757,992,1239,873
6.4142,1.3944,330.77,0.0237,676,873,1185,798
4.6916,1.2426,329.6742,0.1752,868,1044,1352,967
9.159,2.6358,328.5618,0.5728,99,325,639,244
4.6336,1.0021,329.7115,0.0,932,1134,1427,1033
5.8853,1.5867,329.3,0.1206,722,923,1206,827
5.8697,2.2442,328.9611,0.423,544,739,1058,673
8.7899,2.2231,330.8575,0.8609,135,339,674,253
7.4433,2.0044,330.5574,0.3622,493,691,1023,617
8.6177,2.7368,331.0282,0.802,54,236,594,166
4.8499,1.4521,330.1826,0.0804,811,997,1311,913
5.469,1.2459,329.8196,0.3755,826,1018,1346,912
5.6774,1.1508,329.8828,0.0,889,1127,1391,999
7.3401,2.4519,330.4944,0.6513,237,411,788,344
8.2318,2.6537,330.0441,1.166,64,254,628,180
6.9229,1.7559,329.0838,0.6334,424,633,953,537
4.2798,1.0292,330.4828,0.2914,952,1170,1460,1058
4.7164,0.9667,330.9191,0.0,869,1069,1351,968
5.7029,2.0306,329.8756,0.2016,514,696,1036,627
5.6545,0.9709,330.5998,0.2748,795,1039,1291,911
7.9294,2.5097,329.3907,0.9621,272,483,806,388
7.4156,2.5919,331.6242,0.5248,193,369,720,300
6.3236,1.5247,330.8082,0.1414,743,978,1253,853
8.5255,1.8411,328.4963,0.7173,282,540,804,410
4.4095,1.0483,330.0537,0.0,943,1126,1427,1053
8.3783,2.5487,330.7022,0.7633,272,446,821,389
6.5885,1.8463,329.3129,0.0,483,690,999,611
6.8656,1.6944,330.701,0.5534,499,723,1000,609
8.2221,2.5287,330.8486,0.629,92,293,656,223
10.0771,2.7743,328.7383,0.8045,3,212,572,147
6.152,1.5497,330.3467,0.4904,616,804,1151,720
9.2332,3.1148,331.5363,1.0235,0,148,533,105
4.156,0.9871,330.0913,0.0,1000,1200,1460,1100
7.3607,1.6609,330.6995,0.5798,543,777,1110,673
10.3033,2.6837,328.8895,0.632,0,146,509,60
7.0505,1.7909,330.573,0.3879,584,795,1126,714
5.9232,1.4703,329.5844,0.031,775,997,1293,877
6.7076,1.8496,329.2461,0.6876,454,659,978,563
5.8639,0.9327,329.7587,0.3274,782,999,1290,897
7.0315,2.0962,329.8688,0.6517,460,640,986,555
6.9962,1.6986,329.9529,0.6971,579,797,1142,688
7.098,1.8832,329.7486,0.6333,536,743,1090,650
8.2904,3.0374,330.8879,0.7915,109,246,642,207
9.6139,2.8506,331.3312,0.9277,0,172,544,99
9.506,2.7632,330.6327,1.0532,0,181,551,86
3.6932,1.0025,330.1448,0.1432,905,1078,1382,983
5.5655,1.2035,329.5311,0.274,844,1054,1346,941
4.5691,1.1461,330.2961,0.0,940,1150,1434,1032
6.832,2.1207,330.0404,0.9312,390,588,934,495
7.4984,2.7127,329.5577,0.6962,257,409,779,377
7.7874,2.4418,329.8596,0.3465,256,455,821,385
5.6,1.317,329.8442,0.0,806,1013,1321,908
7.9573,2.5147,331.2308,0.4021,93,288,636,235
8.6649,2.6813,329.2237,0.596,101,309,677,233
5.5284,1.1146,329.6355,0.1196,847,1031,1333,920
5.8259,1.194,330.2024,0.3819,891,1109,1410,1008
8.3867,2.8675,330.3874,0.9671,36,206,612,157
5.3852,1.3807,330.9576,0.2586,768,966,1250,880
5.6408,1.2779,330.035,0.0,776,991,1298,884
8.8887,2.0889,329.5595,0.5981,152,380,718,293
5.4879,1.6848,330.2218,0.0786,754,935,1262,857
8.4743,2.4307,330.0582,0.5338,247,453,832,353
4.6613,1.5375,328.8247,0.1557,769,947,1234,862
7.1633,2.0037,331.0325,0.6028,289,498,820,407
7.3293,2.338,331.3057,0.4632,410,609,906,532
5.9946,1.787,330.0726,0.3057,515,734,1040,637
5.9178,1.7442,329.5727,0.428,591,763,1058,668
4.4661,0.8781,329.7914,0.0,960,1143,1433,1054
6.0457,1.1066,329.7634,0.0,729,971,1283,852
5.072,1.8395,329.9788,0.3109,686,867,1195,783
7.2101,2.3073,329.7802,0.5016,410,634,959,542
5.7265,1.2509,330.1168,0.0,829,1059,1363,947
6.4725,1.6921,329.9992,0.2957,534,746,1097,658
6.8756,1.9486,330.8063,0.6314,440,642,949,543
6.5609,1.6741,330.7054,0.1447,574,791,1136,715
7.2289,1.89,329.2665,0.3166,383,586,916,517
9.6202,2.7115,330.954,0.82,18,228,591,161
5.2343,1.5466,330.0023,0.3826,720,927,1247,832
7.7492,2.5136,330.8681,1.0171,281,453,824,378
6.9528,1.9428,330.4903,0.6018,473,672,1007,579
9.0708,2.5887,331.6683,1.169,0,180,523,74
7.9144,3.0107,329.3213,1.0393,0,144,506,74
4.4745,0.9708,329.7857,0.0,995,1183,1494,1088
6.5951,1.9321,330.1067,0.4593,614,840,1162,742
8.5641,2.7559,328.986,0.7179,175,386,726,298
8.5924,2.8589,329.5331,0.8584,126,321,725,271
8.7861,2.8217,328.7216,0.7778,0,117,493,86
6.4827,2.112,329.4306,0.4503,607,770,1125,703
9.0683,3.0122,331.5,0.9469,0,121,487,49
6.7117,2.1393,330.5028,0.4533,544,743,1109,661
7.8958,2.2335,331.2663,0.65,242,478,821,396
5.8718,1.6843,330.771,0.3166,600,789,1120,707
4.0888,1.0688,329.4047,0.1039,1000,1187,1500,1097
5.2825,1.2724,330.0699,0.0398,884,1065,1365,966
6.1244,1.945,330.842,0.0293,617,803,1135,737
7.4549,2.3036,330.0639,0.3002,260,461,823,397
4.4836,1.4109,330.2989,0.1259,913,1090,1380,1011
7.5831,2.4404,329.3334,0.5576,289,464,838,415
8.7691,2.3513,329.8196,0.3512,227,433,791,339
5.812,1.7609,330.3748,0.3363,652,846,1192,782
5.378,1.2593,329.7583,0.1582,803,1019,1311,897
7.2458,2.548,328.8772,0.4391,413,575,921,526
7.5895,1.9291,329.2736,0.7804,209,424,765,321
7.9586,2.8706,329.9026,1.131,72,244,628,173
4.1867,0.7271,329.7029,0.2969,962,1172,1465,1064
8.3185,2.4329,332.0146,0.7678,194,371,705,301
8.0587,2.3889,329.6221,0.6861,212,437,790,344
9.4612,3.1455,330.4813,0.9535,0,178,560,100
7.0534,1.8636,331.2031,0.5628,458,658,968,571
9.2352,3.1776,330.462,0.9043,0,133,526,78
4.918,1.0522,329.5792,0.1789,855,1035,1333,953
5.9423,1.6693,329.6256,0.0,771,974,1287,892
8.6804,2.7611,331.056,0.9443,0,198,555,127
7.5598,2.4607,329.9613,0.8184,205,392,782,344
7.0835,1.8527,329.0405,0.362,488,710,1020,609
7.4884,2.7185,329.7008,0.7119,220,394,760,326
9.4624,2.7195,329.7945,0.5287,150,351,719,284
9.16,2.9367,331.7009,0.6739,0,175,510,121
9.214,2.5856,328.0945,0.9502,2,198,531,131
6.8808,1.971,329.673,0.4111,387,593,919,505
7.0724,1.8863,330.6593,0.1906,409,614,927,530
5.5466,1.0544,329.8583,0.0296,724,932,1237,845
6.1741,2.0303,329.6918,0.1957,575,763,1095,681
7.7815,2.1204,329.9029,0.7479,358,557,921,460
8.6852,2.6963,330.9715,0.9178,39,239,588,157
6.2838,1.8092,330.3822,0.0807,704,909,1244,825
9.3716,2.3208,330.3971,0.5904,195,413,782,323
8.4222,2.4599,330.413,1.0764,107,311,690,210
9.1762,2.7951,329.6925,1.1072,0,193,583,105
6.9347,1.6715,329.437,0.2254,502,732,1027,614
5.4508,1.0869,330.7284,0.2417,989,1186,1492,1079
8.5737,2.5713,330.3779,0.8069,85,302,660,223
8.0705,2.4925,328.4418,0.9569,131,319,658,250
5.0718,1.3632,330.4588,0.2083,741,929,1249,837
5.721,1.4788,330.56,0.4872,721,913,1239,819
8.6558,2.7687,330.583,0.6441,37,231,616,164
5.525,0.904,329.8296,0.0,969,1200,1481,1085
5.9749,1.1642,330.25,0.3613,866,1069,1383,957
7.9828,2.5837,329.1222,0.3215,141,324,680,261
6.0096,1.7095,330.1271,0.3638,600,797,1123,712
4.8569,1.1342,331.1546,0.0,925,1118,1399,1024
5.9236,1.1547,329.2904,0.2819,821,1042,1324,927
5.6435,1.6469,330.3919,0.437,760,950,1271,857
5.3664,1.4954,330.2906,0.3841,747,941,1245,844
5.3506,1.2512,330.8701,0.2242,805,991,1300,916
8.0758,2.6249,331.1402,0.7861,154,346,686,270
9.0612,2.6891,329.1786,0.7835,63,258,607,200
5.5505,1.2152,330.099,0.323,696,902,1204,789
4.5548,1.1922,329.7409,0.3539,930,1132,1435,1037
6.161,1.2281,329.8288,0.0499,740,987,1272,867
8.3808,2.8929,329.5524,0.7726,71,250,626,181
7.9069,2.6037,330.4038,0.8109,123,305,652,207
8.5175,2.744,329.5272,0.9942,116,304,683,236
7.7598,2.25,329.3274,0.7327,255,450,811,374
7.0557,1.934,329.2953,0.6567,483,687,1005,610
9.2987,3.098,330.6408,1.1348,0,169,570,100
7.529,2.1642,329.5584,0.7274,337,529,873,443
4.9895,1.0898,329.693,0.0,884,1078,1378,984
4.6221,1.327,328.6286,0.4302,901,1076,1365,990
7.0917,2.1471,331.1704,0.7925,439,616,955,544
6.8606,1.6583,330.4687,0.3967,563,770,1099,698
6.0333,1.4109,329.8179,0.1276,572,780,1093,668
8.6073,2.522,328.9414,0.5099,95,299,646,229
7.6042,2.1695,330.7827,0.5679,409,626,956,554
7.1277,1.795,330.4424,0.3346,465,703,1022,598
10.0347,2.9498,330.6085,0.6326,0,123,488,47
7.7559,2.2845,331.5415,0.3921,227,434,734,339
7.8946,2.3376,331.0613,0.768,80,271,596,190
7.8203,2.1529,330.2093,0.683,281,525,837,410
9.0263,2.8726,331.9752,1.1501,45,207,572,172
9.0342,2.0659,330.9658,0.8668,142,369,707,271
7.2741,1.9224,329.9022,0.3597,502,724,1037,625
4.8784,0.8068,329.8873,0.098,982,1180,1468,1067
9.8627,3.1137,330.5978,1.0541,0,103,482,18
7.2241,2.2709,329.5199,0.7119,397,571,918,495
7.2704,2.3176,331.4667,0.668,255,466,764,371
8.1239,2.3921,329.1322,0.9202,212,406,757,339
7.2763,1.7527,330.4436,0.6219,486,707,1018,607
5.2382,0.8949,330.6462,0.0985,902,1127,1394,1013
5.6369,1.6276,329.7058,0.1202,838,1025,1326,931
4.7061,0.995,330.3391,0.2679,939,1117,1401,1007
4.7522,1.4676,330.5157,0.0,921,1111,1398,1017
7.0217,1.7401,330.3576,0.1547,493,690,1030,616
8.6117,2.859,331.0319,0.5745,31,231,595,174
4.2421,0.7724,330.3306,0.0,990,1199,1489,1098
4.899,1.2047,329.7495,0.1819,951,1147,1452,1038
8.3005,2.3029,329.7239,0.5994,235,442,803,371
7.9802,2.3695,330.4425,0.7569,235,390,778,325
7.7734,2.664,328.8915,0.6719,170,353,709,276
6.3571,1.7962,329.6815,0.3475,520,712,1048,629
6.8418,1.6104,330.1963,0.2429,508,725,1045,630
8.9958,2.9123,328.7122,0.8616,33,238,586,150
7.0556,1.7448,330.2866,0.452,456,679,1008,592
8.7556,2.7013,329.507,0.8815,101,317,698,230
4.6679,1.2606,329.1702,0.0905,959,1153,1451,1075
6.3675,1.6189,328.6657,0.3076,615,810,1122,737
4.9475,1.4245,329.7195,0.0,891,1082,1398,990
5.4294,1.2384,330.1596,0.2851,900,1136,1428,1000
7.9662,1.9608,329.5944,0.533,374,598,941,510
4.6705,1.5863,329.7705,0.1689,851,1016,1325,938
5.6174,1.2697,330.8337,0.5691,734,950,1238,820
7.8814,2.2707,328.9978,0.8546,260,448,776,390
6.5515,1.8327,330.6682,0.5263,526,727,1051,622
5.9815,1.355,329.9356,0.1165,844,1049,1384,960
8.462,2.7631,330.3356,0.7677,144,345,716,270
8.5473,2.9906,328.8075,0.938,31,210,578,128
6.3232,1.6547,330.062,0.3864,650,868,1198,769
5.9705,1.4779,330.4475,0.6093,704,898,1203,798
9.4521,2.5548,331.4441,1.4547,0,156,513,67
5.6689,0.8432,330.1275,0.1111,910,1161,1444,1040
5.8504,1.8233,329.4294,0.0,743,918,1275,853
6.2882,1.4088,330.6692,0.1977,584,799,1101,692
8.4674,2.8211,331.1766,1.3513,0,122,476,45
8.0823,2.6949,330.9903,0.8767,183,377,729,308
8.963,2.5659,330.5736,0.8472,131,356,719,271
8.5744,2.8336,329.7326,0.7906,109,284,669,230
5.38,1.9086,329.0534,0.1622,583,752,1089,693
7.3658,2.5399,329.6819,0.9586,314,507,882,430
8.8263,2.5911,328.1942,0.6014,144,350,685,283
6.2829,1.7367,330.6406,0.4479,647,855,1200,770
8.6701,2.6912,330.3782,0.6579,3,206,546,128
5.2474,1.5293,329.9325,0.1629,795,963,1297,888
5.4346,1.3768,330.9067,0.4266,747,947,1259,837
8.4286,2.6134,331.2634,0.8021,88,242,616,199
8.0302,2.9969,329.7032,0.8353,19,180,566,145
7.7668,2.3343,331.1374,0.5791,370,547,905,472
5.4985,1.4857,329.8119,0.0,908,1096,1429,1025
5.9108,2.1927,329.8652,0.1292,540,699,1066,631
5.6319,1.3875,329.2395,0.2448,890,1088,1376,984
6.5535,1.4979,330.0775,0.3366,544,746,1100,652
8.6276,2.7715,331.3993,0.8443,217,401,760,336
8.334,2.7096,329.0445,0.9866,144,353,705,279
8.2528,2.3208,328.329,0.9767,175,385,703,310
8.7112,2.7558,331.8118,0.4808,114,322,649,228
5.63,1.4025,330.5861,0.1654,684,882,1189,788
5.5823,1.3177,330.4792,0.2045,882,1075,1389,984
8.1843,2.4347,328.6608,0.9596,72,289,604,203
8.284,2.4324,329.345,1.2469,112,343,699,245
6.4321,1.81,329.7948,0.1525,621,814,1149,740
8.5354,2.9306,330.4473,1.0916,62,233,652,179
7.0588,1.9331,330.3491,0.5085,507,713,1046,630
7.4179,1.8348,329.6958,0.118,487,698,1029,635
9.9713,2.563,330.8196,0.8834,0,121,468,25
5.0669,1.5722,330.7939,0.3595,693,860,1155,776
5.8029,1.6027,329.3786,0.0,731,926,1230,826
5.8393,1.2666,331.1186,0.0,810,1022,1295,922
6.2416,1.9555,329.762,0.1278,486,670,1025,595
9.7768,2.9289,330.8529,1.0348,0,115,501,39
6.5037,1.6037,329.3378,0.2371,625,822,1143,753
6.599,2.0972,330.4509,0.417,413,610,982,523
8.7071,2.4615,329.9277,0.6409,163,374,736,285
5.1613,1.4987,329.4028,0.0,879,1063,1375,984
7.6352,1.6827,329.2124,0.4707,365,592,899,494
4.4168,1.0508,330.2473,0.0,933,1133,1411,1043
5.2351,1.0899,329.9146,0.3695,838,1065,1369,939
7.6276,2.6358,330.8836,1.1345,153,326,663,255
7.8565,2.8134,330.4164,0.4338,37,214,582,178
5.2554,1.5984,329.8272,0.0432,840,1021,1361,963
5.9653,1.7562,330.3828,0.1022,787,994,1299,900
6.6265,1.6454,328.7952,0.3651,554,763,1055,662
6.1133,1.6581,329.9803,0.5293,645,846,1179,754
8.3262,2.6073,329.8762,0.6908,145,350,696,271
6.5637,1.8544,329.7615,0.4893,455,651,972,550
8.6441,2.8277,331.4637,1.4468,72,245,607,176
9.6258,2.9181,330.8913,0.9607,0,96,500,36
4.6224,0.9225,329.4292,0.4212,943,1135,1418,999
7.6003,2.0341,328.9669,0.6454,402,605,921,501
8.463,2.3465,330.6245,0.6623,143,353,704,274
4.9185,1.3113,329.9016,0.0,946,1133,1457,1048
7.1893,2.2783,330.9049,0.4475,503,691,1034,612
5.2566,1.457,329.4616,0.0,778,983,1280,899
5.4547,1.2723,330.0925,0.0,853,1059,1368,973
8.0368,2.5225,329.1013,0.6614,192,377,727,304
4.8798,1.3204,329.6696,0.1007,950,1140,1439,1050
7.9321,2.7341,330.5858,1.1162,182,362,729,295
8.8946,2.9169,329.1983,0.873,0,129,500,68
8.9559,2.8145,331.3395,0.9743,49,222,576,142
4.1074,1.3505,329.764,0.0,893,1067,1377,991
8.1519,2.2925,330.158,0.9721,165,376,741,289
7.0068,2.5665,329.8379,0.3177,288,451,842,417
5.7996,1.711,329.7329,0.3417,792,977,1305,905
9.2601,2.927,330.9774,0.8308,60,274,613,191
4.538,0.9389,329.8936,0.0699,901,1118,1411,1015
9.5642,2.546,328.9507,0.9099,0,143,500,64
6.8146,1.8877,329.3835,0.1127,594,791,1104,700
9.5062,2.67,329.3991,0.6613,0,211,587,137
7.2022,2.0954,327.69,0.6863,423,625,904,546
9.3622,3.105,331.4672,0.9014,7,188,533,144
5.9703,1.5866,329.1847,0.2975,626,803,1108,710
9.0366,2.7225,329.305,0.9877,3,217,599,128
7.7414,2.4453,329.4825,0.7153,241,424,785,351
5.5331,1.3005,330.3575,0.1214,688,915,1203,808
5.488,1.2364,329.9049,0.6862,785,1007,1303,896
8.9888,2.731,330.4484,1.0112,52,250,635,162
6.0518,1.3279,329.0036,0.2194,766,1000,1275,893
7.9626,2.4537,329.1596,0.5633,263,457,815,378
5.281,1.7372,328.9289,0.2826,898,1063,1373,1011
8.1816,2.3618,330.3568,0.5135,260,471,825,369
10.5688,2.7217,330.7987,0.7706,0,184,533,84
3.895,1.4036,329.595,0.3987,955,1139,1423,1045
7.321,1.9482,329.3879,0.6391,315,522,851,430
5.487,0.8222,329.9319,0.0,931,1167,1441,1033
6.334,1.685,330.2382,0.4031,570,766,1074,663
8.8829,2.5194,329.5759,0.958,119,350,699,259
4.635,0.8842,329.3486,0.1283,996,1200,1460,1100
7.8776,1.9237,329.8563,0.6599,458,696,1037,596
6.9585,2.2609,331.0051,0.3531,335,522,866,474
8.5159,2.5758,328.3996,0.8708,244,437,788,349
9.5148,2.6742,330.4206,0.7922,71,296,655,193
6.6578,1.9536,331.069,0.5508,420,626,934,529
6.9114,2.0109,330.045,0.6459,539,754,1077,655
8.2023,2.5105,329.1073,0.9775,95,288,622,201
7.0751,1.6975,331.2329,0.5822,424,646,930,552
7.5917,2.5292,330.4632,0.2472,302,478,855,429
4.4586,1.6924,329.5156,0.2229,772,933,1247,861
7.3271,1.8875,330.4445,0.3661,408,635,979,534
6.2967,1.6102,330.5817,0.4872,620,814,1105,733
5.4645,0.9066,330.2681,0.2432,956,1157,1465,1038
7.5306,2.1553,329.4645,0.4846,403,596,938,515
10.3654,3.2344,330.6818,0.8106,0,121,539,78
4.9385,1.2946,330.3464,0.3883,919,1116,1399,1013
8.0922,2.6651,331.0588,0.6084,187,389,745,314
8.4678,2.7879,330.2754,0.5731,97,301,675,242
8.8902,2.844,331.2653,0.7555,0,180,525,118
3.7561,1.3607,329.8524,0.0,947,1115,1409,1029
8.3549,2.735,329.2194,0.6207,136,311,668,260
4.7061,1.7839,329.8059,0.4171,754,906,1250,835
4.956,1.0001,329.846,0.0,948,1160,1441,1043
4.48,0.8924,329.6049,0.0,867,1088,1348,970
5.1178,1.6351,329.2479,0.2035,774,942,1268,863
5.3553,1.546,329.9505,0.28,752,950,1234,852
4.6725,1.0508,329.8774,0.3934,945,1134,1457,1044
6.2484,1.65,329.0012,0.658,617,817,1144,716
5.5722,1.7229,331.1945,0.0,875,1075,1342,976
8.3612,2.5316,330.2677,0.4484,95,272,674,207
4.9751,0.9233,330.5931,0.052,927,1139,1439,1029
8.7254,2.1611,328.6898,0.4374,352,574,882,482
6.3687,1.9081,330.5643,0.0976,625,793,1141,727
4.5348,1.5057,329.8997,0.0282,979,1129,1479,1064
8.1254,2.7375,330.4885,0.8491,106,321,681,246
5.6828,1.2579,329.8424,0.0882,733,927,1208,831
4.0919,1.4082,330.0241,0.0,991,1194,1500,1099
7.7543,2.2441,328.9698,0.4716,331,503,850,434
8.8818,2.5645,330.4371,0.7837,63,252,620,171
4.6789,1.2881,328.961,0.3603,733,939,1208,829
7.9457,2.5493,330.8438,0.4754,246,436,781,359
8.6281,2.4838,328.6551,0.5899,191,405,756,326
5.8104,1.673,330.304,0.2221,666,857,1192,765
7.3636,2.5333,329.6582,0.6366,299,487,856,414
4.0861,0.9496,330.159,0.1102,956,1161,1425,1043
7.196,2.7232,328.9134,1.1335,223,396,738,319
7.5407,1.9462,329.9294,0.6394,404,621,973,529
6.7743,2.3788,329.323,0.5922,485,648,1015,597
5.021,1.1737,329.3599,0.0,960,1157,1448,1074
10.1757,2.78,328.8761,0.786,0,116,495,57
5.3456,0.7489,330.2164,0.0,902,1137,1402,1002
5.3038,1.5918,329.4478,0.0729,782,963,1269,872
6.4974,1.6952,330.0541,0.4634,571,779,1112,695
6.0126,1.6969,329.9788,0.0337,591,818,1117,706
7.4709,2.4832,329.0179,0.7835,282,478,804,380
7.2964,2.2521,330.002,0.5016,411,615,967,532
7.5739,2.6407,331.0399,0.8447,242,426,787,370
4.9504,1.387,330.2844,0.1662,678,860,1175,773
8.4659,3.0492,330.3921,0.7017,52,211,610,172
4.3766,0.8962,329.7959,0.0,995,1200,1473,1095
5.2707,0.5528,328.4664,0.0,973,1200,1454,1081
7.3645,2.0083,331.011,0.7833,316,542,842,456
9.346,2.8796,330.8326,1.0774,0,199,547,113
8.1608,2.3022,329.5459,1.13,176,393,771,294
6.9232,1.7064,328.9097,0.2629,603,790,1101,712
8.8285,2.5677,329.0392,0.0805,173,368,718,308
7.6231,1.9777,329.8499,0.4251,446,650,999,570
4.998,1.4471,330.6697,0.3191,720,894,1197,829
7.1284,1.7599,330.7143,0.6479,443,655,978,548
8.9045,2.6144,329.3748,0.8657,98,321,682,249
8.3808,2.063,327.9598,0.6387,186,403,703,304
9.2283,2.6268,328.8553,1.2248,22,228,611,148
4.5992,0.8424,329.6372,0.0,990,1175,1465,1073
5.0826,1.3341,329.332,0.1361,788,988,1307,908
8.5715,2.9253,330.7764,0.768,0,127,498,57
7.3272,2.452,328.8069,0.6339,300,488,845,419
8.2591,2.2847,329.6236,0.8018,443,651,1008,571
4.3922,0.8304,330.4103,0.0,980,1179,1483,1085
7.0853,2.8246,329.6272,0.686,222,389,771,359
5.0563,0.9201,329.893,0.0,940,1174,1464,1044
9.6877,2.9385,330.0476,0.8946,0,167,562,90
6.5037,1.6462,330.842,0.5021,686,905,1196,795
5.8855,1.9489,329.7192,0.18,731,915,1273,868
5.3478,1.0615,329.8439,0.0214,909,1131,1410,1011
7.7851,1.5867,331.142,0.6941,464,707,977,582
4.7523,1.5481,330.3788,0.0623,874,1043,1346,971
8.0831,2.4553,328.4838,1.0694,104,308,642,231
6.6327,1.9997,330.0069,0.2791,431,625,975,531
5.0871,1.0645,329.7788,0.2796,849,1054,1324,935
7.8367,1.9763,330.0935,0.8533,403,618,975,522
5.819,1.2539,328.7994,0.4126,750,974,1263,877
4.8643,1.1833,329.8895,0.0,968,1162,1457,1061
6.4853,2.1742,330.5729,0.4513,377,554,896,502
6.1184,1.6498,331.1867,0.3446,571,784,1078,685
3.9122,1.3312,330.5446,0.268,940,1125,1427,1040
6.2456,1.515,329.9406,0.0,738,950,1285,857
5.8328,0.8468,330.0867,0.0,844,1107,1382,986
5.6148,1.4739,330.5581,0.0,844,1022,1328,944
4.5566,1.257,330.153,0.0,896,1071,1405,989
6.376,1.7321,329.4794,0.0,737,950,1248,861
4.9234,1.2448,329.6239,0.4296,880,1078,1384,968
6.2378,1.7797,330.6617,0.3395,504,677,1037,597
4.1828,1.0251,330.2395,0.1712,973,1167,1468,1063
7.3949,2.4048,329.2315,0.6256,317,514,864,438
8.3998,2.3959,329.4654,0.7758,156,360,724,285
9.0943,2.7819,328.4197,0.8167,0,166,523,103
5.6337,1.6917,329.9418,0.522,601,816,1139,726
8.8417,2.2641,329.6816,0.7779,169,374,739,298
7.3947,2.0367,329.9981,0.6133,339,555,919,461
6.9081,2.1405,331.0711,0.4343,402,607,919,523
7.1752,2.0885,330.4445,0.338,516,727,1044,640
6.9683,2.2874,330.911,0.7298,348,531,863,450
6.2706,2.0248,329.7474,0.563,446,621,949,543
8.5912,2.2157,330.6326,0.7157,227,451,798,341
6.8507,1.781,329.0321,0.1302,685,879,1187,797
5.864,1.7247,330.8026,0.7078,647,833,1179,762
8.162,2.3327,331.4406,0.6411,195,405,725,329
6.1367,2.0637,328.9537,0.4359,520,696,1037,626
9.2577,3.0139,330.2454,0.9136,0,141,529,94
5.8321,1.4653,330.2456,0.7049,673,867,1186,769
8.8289,2.7317,328.8109,0.8178,35,235,580,160
9.5296,2.8314,329.1075,0.8885,0,145,521,78
7.6509,3.0067,329.864,0.7637,191,357,742,320
6.1991,1.8583,329.2532,0.2373,609,795,1102,711
5.0381,1.6134,330.5026,0.3103,696,872,1183,817
6.5025,1.9665,329.3607,0.9103,538,711,1046,634
7.7583,2.5978,330.9169,0.7209,268,463,835,374
5.9945,1.5353,330.0334,0.3286,689,887,1231,805
8.1648,2.3,331.0767,0.5654,223,415,758,330
7.857,2.3309,330.612,0.9228,357,553,871,468
6.2402,1.969,329.6458,0.8898,470,658,980,563
6.8719,2.032,330.7675,0.7935,329,535,859,432
7.3395,1.7771,329.1699,0.6458,436,647,953,535
5.2255,2.0039,328.772,0.302,644,794,1131,733
8.8017,2.7103,328.5484,0.9203,81,275,615,193
6.1349,1.7721,329.5029,0.278,517,722,1053,632
9.4314,2.6111,330.4356,0.6038,80,293,660,210
6.3702,1.8595,329.9568,0.0515,609,820,1146,735
7.4204,2.1533,330.2936,0.6881,334,526,879,448
8.4289,2.0361,329.7664,0.3873,257,478,817,400
8.0783,2.7092,330.696,0.7221,98,303,670,227
4.7433,1.5137,330.2,0.1238,845,1023,1352,966
7.6593,2.7443,330.5479,0.9571,188,349,731,288
8.5575,2.6841,329.1574,0.7824,15,210,570,167
5.7406,1.7378,330.4628,0.4647,731,905,1231,840
7.457,2.1266,330.3332,0.7298,393,599,954,526
5.1757,1.3262,329.6964,0.0,945,1152,1442,1048
4.7276,1.5707,330.384,0.4526,763,945,1255,857
7.1491,1.7897,329.7601,0.4903,410,621,930,514
8.5409,3.1873,327.9537,0.8192,0,183,513,143
5.5074,1.4544,329.4439,0.1661,771,951,1261,862
5.6921,1.1254,329.6044,0.0043,980,1200,1479,1076
6.2509,1.3732,330.0104,0.238,640,856,1188,767
7.2847,2.0351,330.8982,0.2991,479,679,1007,599
9.1353,2.6826,330.7406,0.5807,180,377,783,309
5.4337,1.5351,329.3792,0.1018,914,1104,1412,1009
4.291,1.2861,329.8114,0.0,1000,1179,1470,1100
8.0921,2.8028,331.1169,0.9515,83,263,617,207
7.7099,1.9811,330.5352,0.6555,283,503,837,416
4.8011,1.2605,329.5607,0.1324,882,1067,1362,973
8.1377,2.6415,331.0456,0.9986,45,239,589,155
7.6455,2.257,330.2041,0.8888,309,527,881,413
7.1479,1.7627,330.7337,0.7948,447,654,978,547
10.3696,2.952,331.6475,1.2651,0,116,430,16
9.0491,2.7886,328.7652,1.1201,0,161,530,85
7.5051,2.0364,330.5688,0.9901,366,579,890,474
6.3673,1.7724,329.5457,0.5276,510,712,1043,653
5.9016,1.3588,330.2523,0.2581,780,984,1290,891
8.6677,2.7492,329.3743,1.2948,68,254,638,176
7.4837,1.9283,330.2545,0.1688,219,458,776,358
6.4483,1.3067,329.9327,0.3482,570,807,1109,685
4.8203,0.9823,329.1611,0.2755,955,1181,1463,1057
6.7976,1.8284,329.7661,0.6301,520,746,1068,632
5.8829,1.3818,331.2398,0.6851,804,1016,1291,904
5.271,1.4525,329.4459,0.3205,688,876,1189,795
7.2986,2.2899,331.0088,0.5578,306,495,849,402
6.4449,1.6753,330.5241,0.2586,645,854,1168,755
6.1824,1.6711,329.2518,0.4726,556,748,1065,676
5.2052,1.4367,330.4461,0.4413,877,1049,1384,982
7.4651,2.7054,331.1595,1.1618,105,283,634,202
9.788,2.6814,330.0342,0.7748,102,324,701,244
7.9801,2.4598,330.1322,0.7736,204,381,770,326
6.217,1.8687,330.5016,0.1017,743,920,1243,862
6.9866,2.1813,329.0993,0.4296,427,606,914,534
5.2673,1.1264,330.6394,0.3213,872,1082,1357,968
5.941,1.4422,330.121,0.4594,826,1039,1358,939
7.8729,1.7885,329.8274,0.4185,386,622,938,497
4.3978,1.0239,330.0244,0.0486,990,1196,1482,1100
4.8774,1.2418,328.9913,0.0404,898,1101,1352,999
8.2668,2.3322,327.7867,0.8258,278,464,798,384
7.2616,1.5712,330.424,0.2413,639,852,1169,759
7.3411,1.8955,329.3191,0.1637,398,609,949,537
9.4985,2.4501,329.3951,1.0047,98,309,695,240
8.8443,2.8064,328.9809,0.8323,17,207,585,146
5.666,1.0533,331.147,0.0981,843,1064,1328,956
7.6006,2.374,329.6053,0.5971,429,615,973,541
8.63,2.2058,330.6435,0.9376,44,271,622,177
8.3465,2.6233,331.0127,0.9352,76,280,623,194
6.3627,1.5381,330.0437,0.0,697,935,1233,833
7.5942,2.4455,330.7185,0.7833,266,453,781,390
8.5578,2.6188,330.2923,0.5192,19,235,589,164
7.603,2.6049,330.6847,0.8429,262,411,803,361
4.2772,0.7392,329.7701,0.2327,990,1200,1499,1100
6.2283,1.4068,329.1786,0.0,703,916,1215,826
9.3475,2.9601,330.0699,0.9837,0,178,569,114
8.1028,2.506,330.1071,0.8604,293,482,858,400
5.5657,1.0612,329.8325,0.0812,811,1023,1323,930
8.6881,3.323,328.7016,1.0317,17,166,559,139
4.9086,0.8445,330.1605,0.0,976,1179,1465,1083
5.9262,1.0716,329.1958,0.3866,789,1036,1334,894
7.9973,2.3825,331.0612,0.647,281,473,836,409
7.6998,2.1203,330.4231,0.5434,341,556,902,464
5.7165,1.5408,329.9002,0.5168,654,854,1166,751
6.1959,1.7551,330.9265,0.6639,653,842,1155,743
7.1499,1.9185,329.1971,0.7091,333,541,862,432
6.128,1.3156,330.4249,0.6497,633,861,1168,738
7.5999,2.4485,331.8782,0.4733,156,331,675,286
7.5637,2.7676,330.6591,0.9092,182,336,687,263
9.2545,2.8292,330.2099,0.9436,0,127,510,69
8.7758,3.1398,329.564,0.7524,5,184,584,139
9.1484,3.0782,329.1932,0.5333,0,183,550,143
7.1776,2.1546,329.7019,0.6714,392,594,951,519
6.6051,1.9039,329.4121,0.5931,550,742,1059,656
7.8293,2.2664,330.1628,0.8734,315,524,875,447
4.7384,1.2199,330.6742,0.3293,897,1094,1364,997
8.4703,2.5588,330.9759,0.6617,102,303,660,237
8.1275,2.11,329.8582,0.8381,348,561,921,476
6.0865,1.42,330.0264,0.5963,635,853,1193,756
9.1854,2.468,331.1981,0.903,0,167,512,90
5.7163,1.6908,330.0724,0.2407,743,919,1217,871
9.1443,2.9215,329.8649,0.7582,0,141,556,93
5.8102,1.6672,329.3579,0.6292,653,826,1130,742
8.421,2.8477,330.7995,0.5816,31,229,569,164
5.9933,1.5843,330.0093,0.482,575,798,1100,701
7.2265,1.7158,330.4964,0.3386,496,693,1002,617
4.865,1.2153,329.1718,0.0,854,1049,1342,961
9.0675,3.1316,329.1629,0.5541,0,171,537,115
7.7854,1.9403,330.3798,0.5439,351,561,883,467
9.3308,2.4626,329.4345,0.7411,0,118,489,46
7.5467,1.9877,330.6216,0.5573,392,627,922,508
6.2896,2.2525,329.5353,0.8659,459,623,985,542
5.9087,1.2435,329.1809,0.3349,668,881,1197,787
6.1344,1.4019,329.566,0.7185,634,862,1165,766
9.0966,2.8867,329.5681,0.7205,0,187,586,120
6.5285,2.656,329.0407,0.3148,392,530,916,494
9.2566,2.3904,330.8147,0.6256,70,300,645,224
5.8127,1.4166,329.1838,0.335,639,841,1148,732
8.8625,2.7457,330.2471,1.3836,59,271,646,197
8.394,2.7969,329.1796,0.4456,134,311,673,268
9.3619,2.6192,330.9589,0.9959,26,250,580,159
6.7337,1.1317,330.7689,0.088,724,971,1240,859
5.1998,1.6247,330.0413,0.2242,728,893,1236,820
8.3105,2.777,330.8019,0.5754,97,278,635,224
8.5795,2.9497,328.578,0.9728,119,328,652,230
5.3973,1.7114,330.0161,0.2812,681,867,1194,801
8.5111,2.6136,329.475,0.9415,204,384,752,310
5.7417,1.2756,330.9082,0.199,802,1022,1324,928
4.7997,1.4963,330.5598,0.0,979,1176,1483,1094
8.8683,2.6204,329.3257,1.0693,59,274,622,187
7.0749,1.6336,329.387,0.0,571,765,1118,702
4.3072,1.5159,330.1793,0.0,921,1090,1417,1027
6.5776,1.5232,330.3535,0.2256,555,776,1081,679
6.9956,1.7765,329.9037,0.3922,374,591,937,506
5.6,1.2859,330.5441,0.4102,855,1042,1348,940
6.5833,2.1997,329.2518,0.5658,362,552,888,466
8.226,2.4504,328.521,0.9975,191,389,717,301
4.8726,1.2808,330.6257,0.0,948,1141,1438,1047
4.4663,0.9944,330.3789,0.1515,919,1121,1383,996
6.1919,1.8148,330.2413,0.4958,550,778,1091,666
5.9827,1.518,330.5664,0.4342,698,868,1201,780
9.1725,2.4998,330.8764,0.746,73,291,644,166
5.4536,1.5756,330.3653,0.2184,684,897,1215,783
7.1458,2.4005,329.6501,0.5554,330,521,868,433
7.6878,2.4741,329.2764,0.1945,409,593,962,548
8.3585,2.7139,330.0005,0.7822,138,317,688,254
7.5612,1.8778,329.5916,0.6133,255,479,800,369
8.0443,2.2644,331.5223,0.752,289,490,831,414
6.3609,1.852,328.9681,0.4393,531,736,1058,655
9.3337,2.9152,329.6721,1.1313,48,237,627,157
4.2781,1.081,330.5281,0.036,989,1167,1458,1089
7.2902,2.3986,328.5851,0.4616,375,558,871,489
5.6825,1.3623,329.9942,0.1535,833,1038,1355,950
9.3469,3.2958,330.9387,1.1368,0,99,464,43
8.198,2.2403,329.8542,0.3094,275,485,827,397
5.1872,1.3169,329.7187,0.001,856,1027,1325,951
6.6108,1.6133,330.6606,0.0852,738,946,1240,855
7.7944,1.8896,330.3065,0.5842,439,652,999,552
8.641,2.764,331.0821,1.0665,0,152,515,80
9.6261,2.8201,331.0977,0.9932,0,135,490,57
8.1918,2.4902,329.1739,0.3243,98,295,655,232
7.6708,2.3345,330.2624,0.2846,330,532,879,452
5.0492,0.839,330.2264,0.0552,896,1123,1395,992
8.7023,2.5808,330.1525,0.8457,0,180,553,104
5.2192,1.4485,329.9663,0.0391,950,1145,1444,1039
9.3317,2.747,331.6387,0.8521,0,167,475,88
5.3427,1.434,329.5793,0.5033,785,990,1278,878
7.5059,1.9922,330.2813,0.1862,299,480,844,417
7.4599,2.1748,329.7848,0.6385,361,563,927,484
6.654,1.6362,329.6917,0.5556,558,772,1103,665
5.3275,1.0434,330.1947,0.3183,812,1021,1322,908
7.9187,3.2014,330.9862,1.1245,0,133,492,76
7.2734,2.3425,328.2529,0.7392,411,580,893,496
6.0143,1.8725,330.143,0.3262,524,705,1049,632
6.8903,2.1979,330.536,0.2787,444,627,975,565
3.8677,1.4087,330.628,0.0,996,1164,1454,1100
6.9018,2.3948,328.8526,0.5495,328,514,840,452
8.4576,2.4319,329.5575,0.5125,254,451,826,382
5.78,1.6158,329.4786,0.5203,690,861,1185,785
6.6867,2.0839,328.9809,0.4195,482,691,989,596
5.8913,1.3872,330.2914,0.0239,748,953,1277,861
8.9247,2.7887,329.0035,0.6843,0,186,541,122
7.6469,1.9282,329.8353,0.8168,500,748,1076,625
5.1435,1.2172,329.8723,0.1516,832,1034,1338,932
7.4276,2.0248,328.8906,0.3927,393,613,915,514
7.1855,1.88,330.1517,0.4648,510,728,1075,626
5.7811,1.4221,329.535,0.4754,875,1070,1393,984
9.109,2.7655,328.1458,0.9181,0,120,429,45
6.341,1.9718,329.7242,0.5474,557,758,1100,671
9.8873,3.0584,330.8445,1.1873,0,137,527,80
6.345,1.7332,330.9999,0.0,680,865,1177,798
6.3026,1.3447,329.4792,0.1253,711,921,1247,816
4.7906,1.0515,329.8163,0.4072,800,1011,1290,903
8.259,2.3059,328.8124,0.4571,304,540,887,462
8.2843,2.7035,330.8483,0.9159,82,262,642,208
7.2011,2.2429,330.0686,0.3693,415,620,989,544
7.0059,1.8919,331.5173,0.4269,435,636,975,550
7.2308,2.42,329.5087,0.5205,321,493,853,424
7.9987,2.8929,330.911,0.9683,88,255,630,190
7.9481,2.7089,328.8643,0.9043,73,254,589,174
5.1445,1.3174,329.6947,0.1368,875,1077,1372,966
